open_time,day,direction,entry_signal,entry_real,slippage,atr,sl,tp1,risk,ema200,trend,vol_ratio,squeeze_ok,position,result,exit_px,pnl,daily_pnl,tp1_hit,hour
2024-05-27 18:00:00,2024-05-27,BUY,70294.17,70332.35,38.18,395.75,69502.67,71877.17,791.5,68388.72,BULL,1.727,True,P1,SL,69540.85,-7.915,-15.83,False,18
2024-05-27 18:00:00,2024-05-27,BUY,70294.17,70332.35,38.18,395.75,69502.67,71877.17,791.5,68388.72,BULL,1.727,True,P2,SL_TRAIL,69540.85,-7.915,-15.83,False,18
2024-05-31 18:00:00,2024-05-31,SELL,67133.94,67118.94,15.0,378.65,67891.24,65619.34,757.3,68642.98,BEAR,1.64,True,P1,SL,67876.24,-7.573,-15.146,False,18
2024-05-31 18:00:00,2024-05-31,SELL,67133.94,67118.94,15.0,378.65,67891.24,65619.34,757.3,68642.98,BEAR,1.64,True,P2,SL_TRAIL,67876.24,-7.573,-15.146,False,18
2024-06-04 18:00:00,2024-06-04,BUY,70373.34,70407.84,34.5,407.22,69558.9,72002.22,814.44,68408.67,BULL,1.884,True,P1,OPEN_END,71032.84,6.25,12.5,False,18
2024-06-04 18:00:00,2024-06-04,BUY,70373.34,70407.84,34.5,407.22,69558.9,72002.22,814.44,68408.67,BULL,1.884,True,P2,OPEN_END,71032.84,6.25,12.5,False,18
2024-06-09 15:00:00,2024-06-09,BUY,69617.54,69646.96,29.42,126.15,69365.24,70122.14,252.3,69505.75,BULL,1.777,True,P1,SL,69394.66,-2.523,-5.046,False,15
2024-06-09 15:00:00,2024-06-09,BUY,69617.54,69646.96,29.42,126.15,69365.24,70122.14,252.3,69505.75,BULL,1.777,True,P2,SL_TRAIL,69394.66,-2.523,-5.046,False,15
2024-06-13 18:00:00,2024-06-13,SELL,66347.14,66332.14,15.0,571.91,67490.96,64059.5,1143.82,68685.73,BEAR,2.332,True,P1,OPEN_END,66587.56,-2.5542,-5.1084,False,18
2024-06-13 18:00:00,2024-06-13,SELL,66347.14,66332.14,15.0,571.91,67490.96,64059.5,1143.82,68685.73,BEAR,2.332,True,P2,OPEN_END,66587.56,-2.5542,-5.1084,False,18
2024-06-14 19:00:00,2024-06-14,SELL,65182.74,65154.23,28.51,419.73,66022.2,63503.82,839.46,68286.22,BEAR,2.553,True,P1,SL,65993.69,-8.3946,-16.7892,False,19
2024-06-14 19:00:00,2024-06-14,SELL,65182.74,65154.23,28.51,419.73,66022.2,63503.82,839.46,68286.22,BEAR,2.553,True,P2,SL_TRAIL,65993.69,-8.3946,-16.7892,False,19
2024-06-17 12:00:00,2024-06-17,SELL,65579.14,65564.14,15.0,326.14,66231.42,64274.58,652.28,67508.84,BEAR,1.519,True,P1,SL,66216.42,-6.5228,-13.0456,False,12
2024-06-17 12:00:00,2024-06-17,SELL,65579.14,65564.14,15.0,326.14,66231.42,64274.58,652.28,67508.84,BEAR,1.519,True,P2,SL_TRAIL,66216.42,-6.5228,-13.0456,False,12
2024-06-23 18:00:00,2024-06-23,SELL,64064.54,64049.54,15.0,99.2,64262.94,63667.74,198.4,65213.43,BEAR,2.35,True,P1,TP1,63652.74,3.968,29.8748,True,18
2024-06-23 18:00:00,2024-06-23,SELL,64064.54,64049.54,15.0,99.2,64262.94,63667.74,198.4,65213.43,BEAR,2.35,True,P2,OPEN_END,61458.86,25.9068,29.8748,True,18
2024-07-04 04:00:00,2024-07-04,SELL,58559.74,58540.54,19.2,578.91,59717.56,56244.1,1157.82,61859.77,BEAR,2.283,True,P1,TP1,56224.9,23.1564,27.5052,True,4
2024-07-04 04:00:00,2024-07-04,SELL,58559.74,58540.54,19.2,578.91,59717.56,56244.1,1157.82,61859.77,BEAR,2.283,True,P2,OPEN_END,58105.66,4.3488,27.5052,True,4
2024-07-05 05:00:00,2024-07-05,SELL,55748.74,55740.14,8.6,751.2,57251.14,52743.94,1502.4,60871.81,BEAR,1.6,True,P1,SL,57242.54,-15.024,-30.048,False,5
2024-07-05 05:00:00,2024-07-05,SELL,55748.74,55740.14,8.6,751.2,57251.14,52743.94,1502.4,60871.81,BEAR,1.6,True,P2,SL_TRAIL,57242.54,-15.024,-30.048,False,5
2024-07-07 16:00:00,2024-07-07,SELL,56839.84,56824.84,15.0,390.43,57620.7,55278.12,780.86,59071.89,BEAR,1.691,True,P1,TP1,55263.12,15.6172,15.6172,True,16
2024-07-07 16:00:00,2024-07-07,SELL,56839.84,56824.84,15.0,390.43,57620.7,55278.12,780.86,59071.89,BEAR,1.691,True,P2,BE,56824.84,0.0,15.6172,True,16
2024-07-15 00:00:00,2024-07-15,BUY,61239.44,61275.8,36.36,402.49,60434.46,62849.4,804.98,58153.49,BULL,1.512,True,P1,TP1,62885.76,16.0996,46.045,True,0
2024-07-15 00:00:00,2024-07-15,BUY,61239.44,61275.8,36.36,402.49,60434.46,62849.4,804.98,58153.49,BULL,1.512,True,P2,OPEN_END,64270.34,29.9454,46.045,True,0
2024-07-16 01:00:00,2024-07-16,BUY,64302.84,64330.26,27.42,549.48,63203.88,66500.76,1098.96,58849.16,BULL,1.524,True,P1,SL,63231.3,-10.9896,-21.9792,False,1
2024-07-16 01:00:00,2024-07-16,BUY,64302.84,64330.26,27.42,549.48,63203.88,66500.76,1098.96,58849.16,BULL,1.524,True,P2,SL_TRAIL,63231.3,-10.9896,-21.9792,False,1
2024-07-19 16:00:00,2024-07-19,BUY,65097.12,65120.76,23.64,480.12,64136.88,67017.6,960.24,62126.99,BULL,1.843,True,P1,TP1,67041.24,19.2048,38.7066,True,16
2024-07-19 16:00:00,2024-07-19,BUY,65097.12,65120.76,23.64,480.12,64136.88,67017.6,960.24,62126.99,BULL,1.843,True,P2,OPEN_END,67070.94,19.5018,38.7066,True,16
2024-07-31 23:00:00,2024-07-31,SELL,64571.24,64556.24,15.0,545.33,65661.9,62389.92,1090.66,66933.09,BEAR,1.754,True,P1,TP1,62374.92,21.8132,21.8132,True,23
2024-07-31 23:00:00,2024-07-31,SELL,64571.24,64556.24,15.0,545.33,65661.9,62389.92,1090.66,66933.09,BEAR,1.754,True,P2,BE,64556.24,0.0,21.8132,True,23
2024-08-01 18:00:00,2024-08-01,SELL,62875.84,62868.74,7.1,461.62,63799.08,61029.36,923.24,66559.71,BEAR,2.191,True,P1,SL,63791.98,-9.2324,-18.4648,False,18
2024-08-01 18:00:00,2024-08-01,SELL,62875.84,62868.74,7.1,461.62,63799.08,61029.36,923.24,66559.71,BEAR,2.191,True,P2,SL_TRAIL,63791.98,-9.2324,-18.4648,False,18
2024-08-04 18:00:00,2024-08-04,SELL,59054.44,59041.04,13.4,437.0,59928.44,57306.44,874.0,64023.93,BEAR,2.018,True,P1,TP1,57293.04,17.48,17.48,True,18
2024-08-04 18:00:00,2024-08-04,SELL,59054.44,59041.04,13.4,437.0,59928.44,57306.44,874.0,64023.93,BEAR,2.018,True,P2,BE,59041.04,0.0,17.48,True,18
2024-08-14 17:00:00,2024-08-14,SELL,59462.24,59447.24,15.0,520.74,60503.72,57379.28,1041.48,59527.31,BEAR,1.928,True,P1,TP1,57364.28,20.8296,20.8296,True,17
2024-08-14 17:00:00,2024-08-14,SELL,59462.24,59447.24,15.0,520.74,60503.72,57379.28,1041.48,59527.31,BEAR,1.928,True,P2,BE,59447.24,0.0,20.8296,True,17
2024-08-19 02:00:00,2024-08-19,SELL,58383.84,58368.84,15.0,362.35,59108.54,56934.44,724.7,59176.37,BEAR,1.714,True,P1,SL,59093.54,-7.247,-14.494,False,2
2024-08-19 02:00:00,2024-08-19,SELL,58383.84,58368.84,15.0,362.35,59108.54,56934.44,724.7,59176.37,BEAR,1.714,True,P2,SL_TRAIL,59093.54,-7.247,-14.494,False,2
2024-08-21 21:00:00,2024-08-21,BUY,60728.34,60755.76,27.42,522.98,59682.38,62820.26,1045.96,59490.85,BULL,1.505,True,P1,SL,59709.8,-10.4596,-20.9192,False,21
2024-08-21 21:00:00,2024-08-21,BUY,60728.34,60755.76,27.42,522.98,59682.38,62820.26,1045.96,59490.85,BULL,1.505,True,P2,SL_TRAIL,59709.8,-10.4596,-20.9192,False,21
2024-08-30 18:00:00,2024-08-30,SELL,58058.64,58043.64,15.0,481.08,59020.8,56134.32,962.16,60885.39,BEAR,2.134,True,P1,SL,59005.8,-9.6216,-19.2432,False,18
2024-08-30 18:00:00,2024-08-30,SELL,58058.64,58043.64,15.0,481.08,59020.8,56134.32,962.16,60885.39,BEAR,2.134,True,P2,SL_TRAIL,59005.8,-9.6216,-19.2432,False,18
2024-09-03 17:00:00,2024-09-03,SELL,57645.34,57630.34,15.0,391.11,58427.56,56080.9,782.22,59736.43,BEAR,2.394,True,P1,TP1,56065.9,15.6444,15.6444,True,17
2024-09-03 17:00:00,2024-09-03,SELL,57645.34,57630.34,15.0,391.11,58427.56,56080.9,782.22,59736.43,BEAR,2.394,True,P2,BE,57630.34,0.0,15.6444,True,17
2024-09-06 18:00:00,2024-09-06,SELL,54014.9,53999.88,15.02,652.13,55319.16,51406.38,1304.26,58110.28,BEAR,2.212,True,P1,SL,55304.14,-13.0426,-26.0852,False,18
2024-09-06 18:00:00,2024-09-06,SELL,54014.9,53999.88,15.02,652.13,55319.16,51406.38,1304.26,58110.28,BEAR,2.212,True,P2,SL_TRAIL,55304.14,-13.0426,-26.0852,False,18
2024-09-08 18:00:00,2024-09-08,SELL,53658.64,53643.64,15.0,265.86,54190.36,52595.2,531.72,56413.37,BEAR,1.562,True,P1,SL,54175.36,-5.3172,-10.6344,False,18
2024-09-08 18:00:00,2024-09-08,SELL,53658.64,53643.64,15.0,265.86,54190.36,52595.2,531.72,56413.37,BEAR,1.562,True,P2,SL_TRAIL,54175.36,-5.3172,-10.6344,False,18
2024-09-09 19:00:00,2024-09-09,BUY,56382.74,56413.94,31.2,483.49,55415.76,58316.7,966.98,56093.71,BULL,1.614,True,P1,TP1,58347.9,19.3396,35.4726,True,19
2024-09-09 19:00:00,2024-09-09,BUY,56382.74,56413.94,31.2,483.49,55415.76,58316.7,966.98,56093.71,BULL,1.614,True,P2,OPEN_END,58027.24,16.133,35.4726,True,19
2024-09-13 18:00:00,2024-09-13,BUY,59623.74,59651.16,27.42,398.06,58827.62,61215.98,796.12,57002.68,BULL,2.855,True,P1,SL,58855.04,-7.9612,-15.9224,False,18
2024-09-13 18:00:00,2024-09-13,BUY,59623.74,59651.16,27.42,398.06,58827.62,61215.98,796.12,57002.68,BULL,2.855,True,P2,SL_TRAIL,58855.04,-7.9612,-15.9224,False,18
2024-09-23 01:00:00,2024-09-23,BUY,63850.44,63877.86,27.42,408.53,63033.38,65484.56,817.06,61457.92,BULL,3.3,True,P1,SL,63060.8,-8.1706,-16.3412,False,1
2024-09-23 01:00:00,2024-09-23,BUY,63850.44,63877.86,27.42,408.53,63033.38,65484.56,817.06,61457.92,BULL,3.3,True,P2,SL_TRAIL,63060.8,-8.1706,-16.3412,False,1
2024-10-01 17:00:00,2024-10-01,SELL,62577.64,62567.04,10.6,352.8,63283.24,61166.44,705.6,64327.28,BEAR,3.043,True,P1,TP1,61155.84,14.112,27.6698,True,17
2024-10-01 17:00:00,2024-10-01,SELL,62577.64,62567.04,10.6,352.8,63283.24,61166.44,705.6,64327.28,BEAR,3.043,True,P2,OPEN_END,61211.26,13.5578,27.6698,True,17
2024-10-06 17:00:00,2024-10-06,BUY,62681.84,62709.26,27.42,183.92,62314.0,63417.52,367.84,62407.71,BULL,2.173,True,P1,SL,62341.42,-3.6784,-7.3568,False,17
2024-10-06 17:00:00,2024-10-06,BUY,62681.84,62709.26,27.42,183.92,62314.0,63417.52,367.84,62407.71,BULL,2.173,True,P2,SL_TRAIL,62341.42,-3.6784,-7.3568,False,17
2024-10-09 21:00:00,2024-10-09,SELL,61168.04,61153.04,15.0,337.91,61843.86,59816.4,675.82,62592.45,BEAR,1.522,True,P1,TP1,59801.4,13.5164,13.5164,True,21
2024-10-09 21:00:00,2024-10-09,SELL,61168.04,61153.04,15.0,337.91,61843.86,59816.4,675.82,62592.45,BEAR,1.522,True,P2,BE,61153.04,0.0,13.5164,True,21
2024-10-10 20:00:00,2024-10-10,SELL,59581.94,59567.74,14.2,417.19,60416.32,57913.18,834.38,62133.61,BEAR,1.786,True,P1,SL,60402.12,-8.3438,-16.6876,False,20
2024-10-10 20:00:00,2024-10-10,SELL,59581.94,59567.74,14.2,417.19,60416.32,57913.18,834.38,62133.61,BEAR,1.786,True,P2,SL_TRAIL,60402.12,-8.3438,-16.6876,False,20
2024-10-14 06:00:00,2024-10-14,BUY,64277.64,64305.06,27.42,458.78,63360.08,66112.76,917.56,62013.94,BULL,2.302,True,P1,TP1,66140.18,18.3512,50.935,True,6
2024-10-14 06:00:00,2024-10-14,BUY,64277.64,64305.06,27.42,458.78,63360.08,66112.76,917.56,62013.94,BULL,2.302,True,P2,OPEN_END,67563.44,32.5838,50.935,True,6
2024-10-15 16:00:00,2024-10-15,BUY,67642.74,67666.77,24.03,462.69,66717.36,69493.5,925.38,63159.79,BULL,2.094,True,P1,SL,66741.39,-9.2538,-18.5076,False,16
2024-10-15 16:00:00,2024-10-15,BUY,67642.74,67666.77,24.03,462.69,66717.36,69493.5,925.38,63159.79,BULL,2.094,True,P2,SL_TRAIL,66741.39,-9.2538,-18.5076,False,16
2024-10-20 17:00:00,2024-10-20,BUY,68638.03,68666.27,28.24,152.68,68332.67,69248.75,305.36,66345.63,BULL,3.564,True,P1,SL,68360.91,-3.0536,-6.1072,False,17
2024-10-20 17:00:00,2024-10-20,BUY,68638.03,68666.27,28.24,152.68,68332.67,69248.75,305.36,66345.63,BULL,3.564,True,P2,SL_TRAIL,68360.91,-3.0536,-6.1072,False,17
2024-11-03 05:00:00,2024-11-03,SELL,68206.1,68190.64,15.46,317.53,68841.16,66935.98,635.06,69599.49,BEAR,2.872,True,P1,SL,68825.7,-6.3506,-12.7012,False,5
2024-11-03 05:00:00,2024-11-03,SELL,68206.1,68190.64,15.46,317.53,68841.16,66935.98,635.06,69599.49,BEAR,2.872,True,P2,SL_TRAIL,68825.7,-6.3506,-12.7012,False,5
2024-11-13 16:00:00,2024-11-13,BUY,91491.17,91524.63,33.46,1110.2,89270.77,95931.97,2220.4,80092.35,BULL,1.871,True,P1,SL,89304.23,-22.204,-44.408,False,16
2024-11-13 16:00:00,2024-11-13,BUY,91491.17,91524.63,33.46,1110.2,89270.77,95931.97,2220.4,80092.35,BULL,1.871,True,P2,SL_TRAIL,89304.23,-22.204,-44.408,False,16
2024-12-03 15:00:00,2024-12-03,SELL,93704.53,93690.27,14.26,535.01,94774.55,91564.49,1070.02,96142.5,BEAR,1.926,True,P1,SL,94760.29,-10.7002,-21.4004,False,15
2024-12-03 15:00:00,2024-12-03,SELL,93704.53,93690.27,14.26,535.01,94774.55,91564.49,1070.02,96142.5,BEAR,1.926,True,P2,SL_TRAIL,94760.29,-10.7002,-21.4004,False,15
2024-12-04 22:00:00,2024-12-04,BUY,98743.37,98772.42,29.05,790.58,97162.21,101905.69,1581.16,96098.04,BULL,2.078,True,P1,TP1,101934.74,31.6232,31.6232,True,22
2024-12-04 22:00:00,2024-12-04,BUY,98743.37,98772.42,29.05,790.58,97162.21,101905.69,1581.16,96098.04,BULL,2.078,True,P2,BE,98772.42,0.0,31.6232,True,22
2024-12-13 19:00:00,2024-12-13,BUY,101743.54,101774.05,30.51,701.61,100340.32,104549.98,1403.22,99011.03,BULL,1.563,True,P1,TP1,104580.49,28.0644,80.975,True,19
2024-12-13 19:00:00,2024-12-13,BUY,101743.54,101774.05,30.51,701.61,100340.32,104549.98,1403.22,99011.03,BULL,1.563,True,P2,OPEN_END,107065.11,52.9106,80.975,True,19
2024-12-18 22:00:00,2024-12-18,SELL,100830.72,100808.91,21.81,1002.52,102835.76,96820.64,2005.04,102945.22,BEAR,2.901,True,P1,TP1,96798.83,40.1008,73.5295,True,22
2024-12-18 22:00:00,2024-12-18,SELL,100830.72,100808.91,21.81,1002.52,102835.76,96820.64,2005.04,102945.22,BEAR,2.901,True,P2,OPEN_END,97466.04,33.4287,73.5295,True,22
2024-12-19 19:00:00,2024-12-19,SELL,98829.75,98816.54,13.21,993.72,100817.19,94854.87,1987.44,102545.6,BEAR,1.819,True,P1,TP1,94841.66,39.7488,39.7488,True,19
2024-12-19 19:00:00,2024-12-19,SELL,98829.75,98816.54,13.21,993.72,100817.19,94854.87,1987.44,102545.6,BEAR,1.819,True,P2,BE,98816.54,0.0,39.7488,True,19
2024-12-26 10:00:00,2024-12-26,SELL,95864.03,95851.63,12.4,789.72,97443.47,92705.15,1579.44,98350.03,BEAR,2.304,True,P1,SL,97431.07,-15.7944,-31.5888,False,10
2024-12-26 10:00:00,2024-12-26,SELL,95864.03,95851.63,12.4,789.72,97443.47,92705.15,1579.44,98350.03,BEAR,2.304,True,P2,SL_TRAIL,97431.07,-15.7944,-31.5888,False,10
2024-12-27 18:00:00,2024-12-27,SELL,94158.93,94142.46,16.47,927.4,96013.73,90449.33,1854.8,97859.27,BEAR,1.619,True,P1,OPEN_END,92129.15,20.1331,40.2662,False,18
2024-12-27 18:00:00,2024-12-27,SELL,94158.93,94142.46,16.47,927.4,96013.73,90449.33,1854.8,97859.27,BEAR,1.619,True,P2,OPEN_END,92129.15,20.1331,40.2662,False,18
2024-12-29 18:00:00,2024-12-29,SELL,93891.03,93879.08,11.95,353.05,94597.13,92478.83,706.1,96366.1,BEAR,1.93,True,P1,TP1,92466.88,14.122,14.122,True,18
2024-12-29 18:00:00,2024-12-29,SELL,93891.03,93879.08,11.95,353.05,94597.13,92478.83,706.1,96366.1,BEAR,1.93,True,P2,BE,93879.08,0.0,14.122,True,18
2025-01-03 18:00:00,2025-01-03,BUY,97863.31,97899.98,36.67,478.68,96905.95,99778.03,957.36,95235.42,BULL,2.152,True,P1,TP1,99814.7,19.1472,61.5888,True,18
2025-01-03 18:00:00,2025-01-03,BUY,97863.31,97899.98,36.67,478.68,96905.95,99778.03,957.36,95235.42,BULL,2.152,True,P2,OPEN_END,102144.14,42.4416,61.5888,True,18
2025-01-09 15:00:00,2025-01-09,SELL,91977.5,91960.32,17.18,762.78,93503.06,88926.38,1525.56,96690.39,BEAR,1.679,True,P1,SL,93485.88,-15.2556,-30.5112,False,15
2025-01-09 15:00:00,2025-01-09,SELL,91977.5,91960.32,17.18,762.78,93503.06,88926.38,1525.56,96690.39,BEAR,1.679,True,P2,SL_TRAIL,93485.88,-15.2556,-30.5112,False,15
2025-01-15 15:00:00,2025-01-15,BUY,98959.36,98980.43,21.07,681.81,97595.74,101686.6,1363.62,95569.99,BULL,2.241,True,P1,SL,97616.81,-13.6362,-27.2724,False,15
2025-01-15 15:00:00,2025-01-15,BUY,98959.36,98980.43,21.07,681.81,97595.74,101686.6,1363.62,95569.99,BULL,2.241,True,P2,SL_TRAIL,97616.81,-13.6362,-27.2724,False,15
2025-01-27 01:00:00,2025-01-27,SELL,102611.48,102587.25,24.23,365.51,103342.5,101149.44,731.02,103964.54,BEAR,3.906,True,P1,TP1,101125.21,14.6204,14.6204,True,1
2025-01-27 01:00:00,2025-01-27,SELL,102611.48,102587.25,24.23,365.51,103342.5,101149.44,731.02,103964.54,BEAR,3.906,True,P2,BE,102587.25,0.0,14.6204,True,1
2025-01-29 22:00:00,2025-01-29,BUY,104207.7,104237.95,30.25,837.25,102533.2,107556.7,1674.5,103170.46,BULL,2.705,True,P1,SL,102563.45,-16.745,-33.49,False,22
2025-01-29 22:00:00,2025-01-29,BUY,104207.7,104237.95,30.25,837.25,102533.2,107556.7,1674.5,103170.46,BULL,2.705,True,P2,SL_TRAIL,102563.45,-16.745,-33.49,False,22
2025-01-31 20:00:00,2025-01-31,SELL,102617.75,102596.45,21.3,726.53,104070.81,99711.63,1453.06,103568.69,BEAR,2.357,True,P1,TP1,99690.33,29.0612,56.7184,True,20
2025-01-31 20:00:00,2025-01-31,SELL,102617.75,102596.45,21.3,726.53,104070.81,99711.63,1453.06,103568.69,BEAR,2.357,True,P2,OPEN_END,99830.73,27.6572,56.7184,True,20
2025-02-04 23:00:00,2025-02-04,SELL,96501.51,96488.37,13.14,1156.51,98814.53,91875.47,2313.02,100844.78,BEAR,1.56,True,P1,SL,98801.39,-23.1302,-46.2604,False,23
2025-02-04 23:00:00,2025-02-04,SELL,96501.51,96488.37,13.14,1156.51,98814.53,91875.47,2313.02,100844.78,BEAR,1.56,True,P2,SL_TRAIL,98801.39,-23.1302,-46.2604,False,23
2025-02-14 19:00:00,2025-02-14,BUY,98538.59,98567.65,29.06,604.41,97329.77,100956.23,1208.82,97266.37,BULL,1.976,True,P1,SL,97358.83,-12.0882,-24.1764,False,19
2025-02-14 19:00:00,2025-02-14,BUY,98538.59,98567.65,29.06,604.41,97329.77,100956.23,1208.82,97266.37,BULL,1.976,True,P2,SL_TRAIL,97358.83,-12.0882,-24.1764,False,19
2025-02-18 19:00:00,2025-02-18,SELL,94099.33,94082.59,16.74,575.11,95249.55,91798.89,1150.22,96591.95,BEAR,1.601,True,P1,SL,95232.81,-11.5022,-23.0044,False,19
2025-02-18 19:00:00,2025-02-18,SELL,94099.33,94082.59,16.74,575.11,95249.55,91798.89,1150.22,96591.95,BEAR,1.601,True,P2,SL_TRAIL,95232.81,-11.5022,-23.0044,False,19
2025-02-21 20:00:00,2025-02-21,SELL,96529.33,96502.66,26.67,732.19,97993.71,93600.57,1464.38,97010.95,BEAR,1.916,True,P1,OPEN_END,94171.37,23.3129,46.6258,False,20
2025-02-21 20:00:00,2025-02-21,SELL,96529.33,96502.66,26.67,732.19,97993.71,93600.57,1464.38,97010.95,BEAR,1.916,True,P2,OPEN_END,94171.37,23.3129,46.6258,False,20
2025-02-24 17:00:00,2025-02-24,SELL,94315.87,94315.52,0.35,585.49,95486.85,91973.91,1170.98,96437.51,BEAR,2.741,True,P1,TP1,91973.56,23.4196,111.5101,True,17
2025-02-24 17:00:00,2025-02-24,SELL,94315.87,94315.52,0.35,585.49,95486.85,91973.91,1170.98,96437.51,BEAR,2.741,True,P2,OPEN_END,85506.47,88.0905,111.5101,True,17
2025-02-26 19:00:00,2025-02-26,SELL,86043.26,86027.62,15.64,968.3,87979.86,82170.06,1936.6,93717.54,BEAR,1.717,True,P1,TP1,82154.42,38.732,38.732,True,19
2025-02-26 19:00:00,2025-02-26,SELL,86043.26,86027.62,15.64,968.3,87979.86,82170.06,1936.6,93717.54,BEAR,1.717,True,P2,BE,86027.62,0.0,38.732,True,19
2025-03-02 18:00:00,2025-03-02,BUY,91195.95,91231.1,35.15,976.66,89242.63,95102.59,1953.32,88328.26,BULL,3.798,True,P1,SL,89277.78,-19.5332,-39.0664,False,18
2025-03-02 18:00:00,2025-03-02,BUY,91195.95,91231.1,35.15,976.66,89242.63,95102.59,1953.32,88328.26,BULL,3.798,True,P2,SL_TRAIL,89277.78,-19.5332,-39.0664,False,18
2025-03-09 15:00:00,2025-03-09,SELL,84591.15,84576.2,14.95,480.67,85552.49,82668.47,961.34,87452.74,BEAR,1.814,True,P1,TP1,82653.52,19.2268,24.2143,True,15
2025-03-09 15:00:00,2025-03-09,SELL,84591.15,84576.2,14.95,480.67,85552.49,82668.47,961.34,87452.74,BEAR,1.814,True,P2,OPEN_END,84077.45,4.9875,24.2143,True,15
2025-03-13 18:00:00,2025-03-13,SELL,81030.97,81015.44,15.53,775.77,82582.51,77927.89,1551.54,84711.97,BEAR,1.866,True,P1,SL,82566.98,-15.5154,-31.0308,False,18
2025-03-13 18:00:00,2025-03-13,SELL,81030.97,81015.44,15.53,775.77,82582.51,77927.89,1551.54,84711.97,BEAR,1.866,True,P2,SL_TRAIL,82566.98,-15.5154,-31.0308,False,18
2025-03-16 14:00:00,2025-03-16,SELL,82396.87,82382.05,14.82,355.61,83108.09,80974.43,711.22,83941.84,BEAR,3.002,True,P1,SL,83093.27,-7.1122,-14.2244,False,14
2025-03-16 14:00:00,2025-03-16,SELL,82396.87,82382.05,14.82,355.61,83108.09,80974.43,711.22,83941.84,BEAR,3.002,True,P2,SL_TRAIL,83093.27,-7.1122,-14.2244,False,14
2025-04-02 18:00:00,2025-04-02,BUY,86729.61,86764.7,35.09,668.57,85392.47,89403.89,1337.14,84356.72,BULL,2.92,True,P1,SL,85427.56,-13.3714,-26.7428,False,18
2025-04-02 18:00:00,2025-04-02,BUY,86729.61,86764.7,35.09,668.57,85392.47,89403.89,1337.14,84356.72,BULL,2.92,True,P2,SL_TRAIL,85427.56,-13.3714,-26.7428,False,18
2025-04-08 19:00:00,2025-04-08,SELL,77403.93,77390.0,13.93,745.16,78894.25,74423.29,1490.32,81597.44,BEAR,1.781,True,P1,SL,78880.32,-14.9032,-29.8064,False,19
2025-04-08 19:00:00,2025-04-08,SELL,77403.93,77390.0,13.93,745.16,78894.25,74423.29,1490.32,81597.44,BEAR,1.781,True,P2,SL_TRAIL,78880.32,-14.9032,-29.8064,False,19
2025-04-09 20:00:00,2025-04-09,BUY,82195.75,82224.99,29.24,1279.18,79637.39,87312.47,2558.36,80535.99,BULL,2.006,True,P1,SL,79666.63,-25.5836,-51.1672,False,20
2025-04-09 20:00:00,2025-04-09,BUY,82195.75,82224.99,29.24,1279.18,79637.39,87312.47,2558.36,80535.99,BULL,2.006,True,P2,SL_TRAIL,79666.63,-25.5836,-51.1672,False,20
2025-04-12 17:00:00,2025-04-12,BUY,84817.89,84848.72,30.83,486.45,83844.99,86763.69,972.9,81495.06,BULL,1.793,True,P1,SL,83875.82,-9.729,-19.458,False,17
2025-04-12 17:00:00,2025-04-12,BUY,84817.89,84848.72,30.83,486.45,83844.99,86763.69,972.9,81495.06,BULL,1.793,True,P2,SL_TRAIL,83875.82,-9.729,-19.458,False,17
2025-05-05 02:00:00,2025-05-05,SELL,94265.37,94251.21,14.16,334.78,94934.93,92926.25,669.56,95267.91,BEAR,1.794,True,P1,SL,94920.77,-6.6956,-13.3912,False,2
2025-05-05 02:00:00,2025-05-05,SELL,94265.37,94251.21,14.16,334.78,94934.93,92926.25,669.56,95267.91,BEAR,1.794,True,P2,SL_TRAIL,94920.77,-6.6956,-13.3912,False,2
2025-05-11 02:00:00,2025-05-11,BUY,104801.83,104835.47,33.64,424.47,103952.89,106499.71,848.94,99027.69,BULL,2.581,True,P1,SL,103986.53,-8.4894,-16.9788,False,2
2025-05-11 02:00:00,2025-05-11,BUY,104801.83,104835.47,33.64,424.47,103952.89,106499.71,848.94,99027.69,BULL,2.581,True,P2,SL_TRAIL,103986.53,-8.4894,-16.9788,False,2
2025-05-21 18:00:00,2025-05-21,BUY,108964.62,108997.03,32.41,805.13,107354.36,112185.14,1610.26,104616.71,BULL,2.41,True,P1,SL,107386.77,-16.1026,-32.2052,False,18
2025-05-21 18:00:00,2025-05-21,BUY,108964.62,108997.03,32.41,805.13,107354.36,112185.14,1610.26,104616.71,BULL,2.41,True,P2,SL_TRAIL,107386.77,-16.1026,-32.2052,False,18
2025-05-26 01:00:00,2025-05-26,BUY,109153.61,109183.29,29.68,603.28,107947.05,111566.73,1206.56,107238.54,BULL,2.169,True,P1,SL,107976.73,-12.0656,-24.1312,False,1
2025-05-26 01:00:00,2025-05-26,BUY,109153.61,109183.29,29.68,603.28,107947.05,111566.73,1206.56,107238.54,BULL,2.169,True,P2,SL_TRAIL,107976.73,-12.0656,-24.1312,False,1
2025-06-05 19:00:00,2025-06-05,SELL,103258.09,103243.06,15.03,597.92,104453.93,100866.41,1195.84,105750.74,BEAR,2.893,True,P1,TP1,100851.38,23.9168,23.9168,True,19
2025-06-05 19:00:00,2025-06-05,SELL,103258.09,103243.06,15.03,597.92,104453.93,100866.41,1195.84,105750.74,BEAR,2.893,True,P2,BE,103243.06,0.0,23.9168,True,19
2025-06-21 21:00:00,2025-06-21,SELL,102641.17,102626.21,14.96,325.0,103291.17,101341.17,650.0,105326.26,BEAR,1.566,True,P1,TP1,101326.21,13.0,13.0,True,21
2025-06-21 21:00:00,2025-06-21,SELL,102641.17,102626.21,14.96,325.0,103291.17,101341.17,650.0,105326.26,BEAR,1.566,True,P2,BE,102626.21,0.0,13.0,True,21
2025-06-22 17:00:00,2025-06-22,SELL,99620.94,99605.68,15.26,770.8,101162.54,96537.74,1541.6,104678.36,BEAR,2.269,True,P1,SL,101147.28,-15.416,-30.832,False,17
2025-06-22 17:00:00,2025-06-22,SELL,99620.94,99605.68,15.26,770.8,101162.54,96537.74,1541.6,104678.36,BEAR,2.269,True,P2,SL_TRAIL,101147.28,-15.416,-30.832,False,17
2025-07-06 16:00:00,2025-07-06,BUY,108769.45,108795.83,26.38,223.87,108321.71,109664.93,447.74,108034.53,BULL,2.47,True,P1,SL,108348.09,-4.4774,-8.9548,False,16
2025-07-06 16:00:00,2025-07-06,BUY,108769.45,108795.83,26.38,223.87,108321.71,109664.93,447.74,108034.53,BULL,2.47,True,P2,SL_TRAIL,108348.09,-4.4774,-8.9548,False,16
2025-07-09 22:00:00,2025-07-09,BUY,111743.13,111774.17,31.04,552.33,110638.47,113952.45,1104.66,108408.21,BULL,2.32,True,P1,SL,110669.51,-11.0466,-22.0932,False,22
2025-07-09 22:00:00,2025-07-09,BUY,111743.13,111774.17,31.04,552.33,110638.47,113952.45,1104.66,108408.21,BULL,2.32,True,P2,SL_TRAIL,110669.51,-11.0466,-22.0932,False,22
2025-07-10 19:00:00,2025-07-10,BUY,112631.54,112662.59,31.05,395.26,111841.02,114212.58,790.52,108998.97,BULL,2.349,True,P1,TP1,114243.63,15.8104,74.3068,True,19
2025-07-10 19:00:00,2025-07-10,BUY,112631.54,112662.59,31.05,395.26,111841.02,114212.58,790.52,108998.97,BULL,2.349,True,P2,OPEN_END,118512.23,58.4964,74.3068,True,19
2025-07-31 22:00:00,2025-07-31,SELL,116773.65,116755.85,17.8,522.18,117818.01,114684.93,1044.36,118088.64,BEAR,1.968,True,P1,TP1,114667.13,20.8872,45.2455,True,22
2025-07-31 22:00:00,2025-07-31,SELL,116773.65,116755.85,17.8,522.18,117818.01,114684.93,1044.36,118088.64,BEAR,1.968,True,P2,OPEN_END,114320.02,24.3583,45.2455,True,22
2025-08-02 21:00:00,2025-08-02,SELL,112325.0,112310.07,14.93,487.18,113299.36,110376.28,974.36,116713.27,BEAR,2.47,True,P1,SL,113284.43,-9.7436,-19.4872,False,21
2025-08-02 21:00:00,2025-08-02,SELL,112325.0,112310.07,14.93,487.18,113299.36,110376.28,974.36,116713.27,BEAR,2.47,True,P2,SL_TRAIL,113284.43,-9.7436,-19.4872,False,21
2025-08-07 13:00:00,2025-08-07,BUY,116330.11,116363.94,33.83,392.61,115544.89,117900.55,785.22,115260.44,BULL,1.924,True,P1,TP1,117934.38,15.7044,32.1368,True,13
2025-08-07 13:00:00,2025-08-07,BUY,116330.11,116363.94,33.83,392.61,115544.89,117900.55,785.22,115260.44,BULL,1.924,True,P2,OPEN_END,118007.18,16.4324,32.1368,True,13
2025-08-13 16:00:00,2025-08-13,BUY,121752.62,121785.63,33.01,587.02,120578.58,124100.7,1174.04,117669.42,BULL,1.736,True,P1,SL,120611.59,-11.7404,-23.4808,False,16
2025-08-13 16:00:00,2025-08-13,BUY,121752.62,121785.63,33.01,587.02,120578.58,124100.7,1174.04,117669.42,BULL,1.736,True,P2,SL_TRAIL,120611.59,-11.7404,-23.4808,False,16
2025-08-22 17:00:00,2025-08-22,BUY,115791.66,115821.14,29.48,775.99,114239.68,118895.62,1551.98,115455.84,BULL,4.665,True,P1,SL,114269.16,-15.5198,-31.0396,False,17
2025-08-22 17:00:00,2025-08-22,BUY,115791.66,115821.14,29.48,775.99,114239.68,118895.62,1551.98,115455.84,BULL,4.665,True,P2,SL_TRAIL,114269.16,-15.5198,-31.0396,False,17
2025-09-12 03:00:00,2025-09-12,BUY,115831.62,115863.63,32.01,574.65,114682.32,118130.22,1149.3,111985.24,BULL,1.514,True,P1,OPEN_END,115064.06,-7.9957,-15.9914,False,3
2025-09-12 03:00:00,2025-09-12,BUY,115831.62,115863.63,32.01,574.65,114682.32,118130.22,1149.3,111985.24,BULL,1.514,True,P2,OPEN_END,115064.06,-7.9957,-15.9914,False,3
2025-09-16 20:00:00,2025-09-16,BUY,116448.94,116481.0,32.06,475.75,115497.44,118351.94,951.5,114505.68,BULL,1.807,True,P1,SL,115529.5,-9.515,-19.03,False,20
2025-09-16 20:00:00,2025-09-16,BUY,116448.94,116481.0,32.06,475.75,115497.44,118351.94,951.5,114505.68,BULL,1.807,True,P2,SL_TRAIL,115529.5,-9.515,-19.03,False,20
2025-09-22 03:00:00,2025-09-22,SELL,114386.63,114371.6,15.03,290.23,114967.09,113225.71,580.46,115774.61,BEAR,3.335,True,P1,TP1,113210.68,11.6092,24.6443,True,3
2025-09-22 03:00:00,2025-09-22,SELL,114386.63,114371.6,15.03,290.23,114967.09,113225.71,580.46,115774.61,BEAR,3.335,True,P2,OPEN_END,113068.09,13.0351,24.6443,True,3
2025-10-03 18:00:00,2025-10-03,BUY,122261.32,122293.38,32.06,544.48,121172.36,124439.24,1088.96,115121.07,BULL,2.266,True,P1,TP1,124471.3,21.7792,48.7473,True,18
2025-10-03 18:00:00,2025-10-03,BUY,122261.32,122293.38,32.06,544.48,121172.36,124439.24,1088.96,115121.07,BULL,2.266,True,P2,OPEN_END,124990.19,26.9681,48.7473,True,18
2025-10-08 20:00:00,2025-10-08,BUY,124031.56,124065.81,34.25,813.74,122404.08,127286.52,1627.48,120619.9,BULL,1.679,True,P1,SL,122438.33,-16.2748,-32.5496,False,20
2025-10-08 20:00:00,2025-10-08,BUY,124031.56,124065.81,34.25,813.74,122404.08,127286.52,1627.48,120619.9,BULL,1.679,True,P2,SL_TRAIL,122438.33,-16.2748,-32.5496,False,20
2025-10-10 18:00:00,2025-10-10,SELL,119010.06,118994.43,15.63,741.54,120493.14,116043.9,1483.08,121279.22,BEAR,4.083,True,P1,TP1,116028.27,29.6616,76.33,True,18
2025-10-10 18:00:00,2025-10-10,SELL,119010.06,118994.43,15.63,741.54,120493.14,116043.9,1483.08,121279.22,BEAR,4.083,True,P2,OPEN_END,114327.59,46.6684,76.33,True,18
2025-10-16 20:00:00,2025-10-16,SELL,108268.86,108253.14,15.72,1127.91,110524.68,103757.22,2255.82,114801.72,BEAR,1.754,True,P1,TP1,103741.5,45.1164,45.1164,True,20
2025-10-16 20:00:00,2025-10-16,SELL,108268.86,108253.14,15.72,1127.91,110524.68,103757.22,2255.82,114801.72,BEAR,1.754,True,P2,BE,108253.14,0.0,45.1164,True,20
2025-10-26 12:00:00,2025-10-26,BUY,112522.28,112554.34,32.06,295.24,111931.8,113703.24,590.48,110092.95,BULL,1.91,True,P1,TP1,113735.3,11.8096,11.8096,True,12
2025-10-26 12:00:00,2025-10-26,BUY,112522.28,112554.34,32.06,295.24,111931.8,113703.24,590.48,110092.95,BULL,1.91,True,P2,BE,112554.34,0.0,11.8096,True,12
2025-10-29 19:00:00,2025-10-29,SELL,111103.45,111088.41,15.04,544.94,112193.33,108923.69,1089.88,111995.15,BEAR,1.63,True,P1,TP1,108908.65,21.7976,21.7976,True,19
2025-10-29 19:00:00,2025-10-29,SELL,111103.45,111088.41,15.04,544.94,112193.33,108923.69,1089.88,111995.15,BEAR,1.63,True,P2,BE,111088.41,0.0,21.7976,True,19
2025-10-30 16:00:00,2025-10-30,SELL,107620.53,107607.08,13.45,1028.87,109678.27,103505.05,2057.74,111930.24,BEAR,1.563,True,P1,SL,109664.82,-20.5774,-41.1548,False,16
2025-10-30 16:00:00,2025-10-30,SELL,107620.53,107607.08,13.45,1028.87,109678.27,103505.05,2057.74,111930.24,BEAR,1.563,True,P2,SL_TRAIL,109664.82,-20.5774,-41.1548,False,16
2025-11-03 04:00:00,2025-11-03,SELL,109024.17,109009.8,14.37,519.01,110062.19,106948.13,1038.02,110752.28,BEAR,1.896,True,P1,TP1,106933.76,20.7604,77.5327,True,4
2025-11-03 04:00:00,2025-11-03,SELL,109024.17,109009.8,14.37,519.01,110062.19,106948.13,1038.02,110752.28,BEAR,1.896,True,P2,OPEN_END,103332.57,56.7723,77.5327,True,4
2025-11-06 18:00:00,2025-11-06,SELL,100854.24,100841.16,13.08,900.23,102654.7,97253.32,1800.46,107034.52,BEAR,2.028,True,P1,SL,102641.62,-18.0046,-36.0092,False,18
2025-11-06 18:00:00,2025-11-06,SELL,100854.24,100841.16,13.08,900.23,102654.7,97253.32,1800.46,107034.52,BEAR,2.028,True,P2,SL_TRAIL,102641.62,-18.0046,-36.0092,False,18
2025-11-17 20:00:00,2025-11-17,SELL,92530.52,92515.56,14.96,924.4,94379.32,88832.92,1848.8,98430.78,BEAR,1.523,True,P1,TP1,88817.96,36.976,36.976,True,20
2025-11-17 20:00:00,2025-11-17,SELL,92530.52,92515.56,14.96,924.4,94379.32,88832.92,1848.8,98430.78,BEAR,1.523,True,P2,BE,92515.56,0.0,36.976,True,20
2025-11-26 19:00:00,2025-11-26,BUY,89814.57,89845.59,31.02,701.95,88410.67,92622.37,1403.9,88308.94,BULL,1.651,True,P1,TP1,92653.39,28.078,33.8009,True,19
2025-11-26 19:00:00,2025-11-26,BUY,89814.57,89845.59,31.02,701.95,88410.67,92622.37,1403.9,88308.94,BULL,1.651,True,P2,OPEN_END,90417.88,5.7229,33.8009,True,19
2025-12-05 15:00:00,2025-12-05,SELL,90459.39,90444.41,14.98,525.97,91511.33,88355.51,1051.94,90635.82,BEAR,1.692,True,P1,TP1,88340.53,21.0388,21.0388,True,15
2025-12-05 15:00:00,2025-12-05,SELL,90459.39,90444.41,14.98,525.97,91511.33,88355.51,1051.94,90635.82,BEAR,1.692,True,P2,BE,90444.41,0.0,21.0388,True,15
2025-12-07 19:00:00,2025-12-07,BUY,90950.04,90981.76,31.72,644.38,89661.28,93527.56,1288.76,90442.54,BULL,2.468,True,P1,SL,89693.0,-12.8876,-25.7752,False,19
2025-12-07 19:00:00,2025-12-07,BUY,90950.04,90981.76,31.72,644.38,89661.28,93527.56,1288.76,90442.54,BULL,2.468,True,P2,SL_TRAIL,89693.0,-12.8876,-25.7752,False,19
2025-12-09 17:00:00,2025-12-09,BUY,92697.32,92731.99,34.67,642.32,91412.68,95266.6,1284.64,90508.41,BULL,2.703,True,P1,SL,91447.35,-12.8464,-25.6928,False,17
2025-12-09 17:00:00,2025-12-09,BUY,92697.32,92731.99,34.67,642.32,91412.68,95266.6,1284.64,90508.41,BULL,2.703,True,P2,SL_TRAIL,91447.35,-12.8464,-25.6928,False,17
2025-12-11 23:00:00,2025-12-11,BUY,92853.2,92885.18,31.98,776.54,91300.12,95959.36,1553.08,90609.15,BULL,1.569,True,P1,SL,91332.1,-15.5308,-31.0616,False,23
2025-12-11 23:00:00,2025-12-11,BUY,92853.2,92885.18,31.98,776.54,91300.12,95959.36,1553.08,90609.15,BULL,1.569,True,P2,SL_TRAIL,91332.1,-15.5308,-31.0616,False,23
2025-12-12 17:00:00,2025-12-12,SELL,89925.28,89909.12,16.16,583.93,91093.14,87589.56,1167.86,90947.15,BEAR,2.775,True,P1,TP1,87573.4,23.3572,51.982,True,17
2025-12-12 17:00:00,2025-12-12,SELL,89925.28,89909.12,16.16,583.93,91093.14,87589.56,1167.86,90947.15,BEAR,2.775,True,P2,OPEN_END,87046.64,28.6248,51.982,True,17
2025-12-14 14:00:00,2025-12-14,SELL,89418.08,89402.94,15.14,303.66,90025.4,88203.44,607.32,91093.19,BEAR,1.887,True,P1,TP1,88188.3,12.1464,12.1464,True,14
2025-12-14 14:00:00,2025-12-14,SELL,89418.08,89402.94,15.14,303.66,90025.4,88203.44,607.32,91093.19,BEAR,1.887,True,P2,BE,89402.94,0.0,12.1464,True,14
2025-12-21 11:00:00,2025-12-21,BUY,88893.27,88926.32,33.05,243.95,88405.37,89869.07,487.9,88298.97,BULL,1.714,True,P1,SL,88438.42,-4.879,-9.758,False,11
2025-12-21 11:00:00,2025-12-21,BUY,88893.27,88926.32,33.05,243.95,88405.37,89869.07,487.9,88298.97,BULL,1.714,True,P2,SL_TRAIL,88438.42,-4.879,-9.758,False,11
2025-12-29 03:00:00,2025-12-29,BUY,88434.21,88466.95,32.74,281.4,87871.41,89559.81,562.8,87698.03,BULL,2.074,True,P1,TP1,89592.55,11.256,11.256,True,3
2025-12-29 03:00:00,2025-12-29,BUY,88434.21,88466.95,32.74,281.4,87871.41,89559.81,562.8,87698.03,BULL,2.074,True,P2,BE,88466.95,0.0,11.256,True,3
2026-01-05 02:00:00,2026-01-05,BUY,92393.72,92426.51,32.79,324.39,91744.94,93691.28,648.78,89265.62,BULL,3.0,True,P1,TP1,93724.07,12.9756,12.9756,True,2
2026-01-05 02:00:00,2026-01-05,BUY,92393.72,92426.51,32.79,324.39,91744.94,93691.28,648.78,89265.62,BULL,3.0,True,P2,BE,92426.51,0.0,12.9756,True,2
2026-01-12 04:00:00,2026-01-12,BUY,92197.9,92230.91,33.01,428.78,91340.34,93913.02,857.56,90866.16,BULL,1.978,True,P1,SL,91373.35,-8.5756,-17.1512,False,4
2026-01-12 04:00:00,2026-01-12,BUY,92197.9,92230.91,33.01,428.78,91340.34,93913.02,857.56,90866.16,BULL,1.978,True,P2,SL_TRAIL,91373.35,-8.5756,-17.1512,False,4
2026-01-19 01:00:00,2026-01-19,SELL,93664.16,93649.14,15.02,319.23,94302.62,92387.24,638.46,94158.35,BEAR,4.1,True,P1,TP1,92372.22,12.7692,54.6459,True,1
2026-01-19 01:00:00,2026-01-19,SELL,93664.16,93649.14,15.02,319.23,94302.62,92387.24,638.46,94158.35,BEAR,4.1,True,P2,OPEN_END,89461.47,41.8767,54.6459,True,1
2026-02-03 18:00:00,2026-02-03,SELL,76483.0,76468.0,15.0,761.44,78005.88,73437.24,1522.88,82231.88,BEAR,1.892,True,P1,TP1,73422.24,30.4576,30.4576,True,18
2026-02-03 18:00:00,2026-02-03,SELL,76483.0,76468.0,15.0,761.44,78005.88,73437.24,1522.88,82231.88,BEAR,1.892,True,P2,BE,76468.0,0.0,30.4576,True,18
2026-02-04 17:00:00,2026-02-04,SELL,74121.81,74111.11,10.7,742.38,75606.57,71152.29,1484.76,80854.27,BEAR,2.81,True,P1,TP1,71141.59,29.6952,79.1705,True,17
2026-02-04 17:00:00,2026-02-04,SELL,74121.81,74111.11,10.7,742.38,75606.57,71152.29,1484.76,80854.27,BEAR,2.81,True,P2,OPEN_END,69163.58,49.4753,79.1705,True,17
2026-02-12 19:00:00,2026-02-12,SELL,65406.45,65392.15,14.3,708.05,66822.55,62574.25,1416.1,69946.89,BEAR,1.919,True,P1,SL,66808.25,-14.161,-28.322,False,19
2026-02-12 19:00:00,2026-02-12,SELL,65406.45,65392.15,14.3,708.05,66822.55,62574.25,1416.1,69946.89,BEAR,1.919,True,P2,SL_TRAIL,66808.25,-14.161,-28.322,False,19
2026-02-17 16:00:00,2026-02-17,SELL,66867.69,66852.76,14.93,530.36,67928.41,64746.25,1060.72,68800.26,BEAR,2.828,True,P1,SL,67913.48,-10.6072,-21.2144,False,16
2026-02-17 16:00:00,2026-02-17,SELL,66867.69,66852.76,14.93,530.36,67928.41,64746.25,1060.72,68800.26,BEAR,2.828,True,P2,SL_TRAIL,67913.48,-10.6072,-21.2144,False,16
2026-02-18 20:00:00,2026-02-18,SELL,66349.79,66335.08,14.71,568.35,67486.49,64076.39,1136.7,68501.79,BEAR,1.609,True,P1,SL,67471.78,-11.367,-22.734,False,20
2026-02-18 20:00:00,2026-02-18,SELL,66349.79,66335.08,14.71,568.35,67486.49,64076.39,1136.7,68501.79,BEAR,1.609,True,P2,SL_TRAIL,67471.78,-11.367,-22.734,False,20
2026-02-28 08:00:00,2026-02-28,SELL,63202.68,63190.67,12.01,494.17,64191.02,61226.0,988.34,66628.36,BEAR,2.261,True,P1,SL,64179.01,-9.8834,-19.7668,False,8
2026-02-28 08:00:00,2026-02-28,SELL,63202.68,63190.67,12.01,494.17,64191.02,61226.0,988.34,66628.36,BEAR,2.261,True,P2,SL_TRAIL,64179.01,-9.8834,-19.7668,False,8
2026-03-02 17:00:00,2026-03-02,BUY,69117.01,69147.76,30.75,830.82,67455.37,72440.29,1661.64,66391.34,BULL,2.492,True,P1,SL,67486.12,-16.6164,-33.2328,False,17
2026-03-02 17:00:00,2026-03-02,BUY,69117.01,69147.76,30.75,830.82,67455.37,72440.29,1661.64,66391.34,BULL,2.492,True,P2,SL_TRAIL,67486.12,-16.6164,-33.2328,False,17
2026-03-07 21:00:00,2026-03-07,SELL,67071.14,67055.85,15.29,329.02,67729.18,65755.06,658.04,68664.97,BEAR,1.539,True,P1,SL,67713.89,-6.5804,-13.1608,False,21
2026-03-07 21:00:00,2026-03-07,SELL,67071.14,67055.85,15.29,329.02,67729.18,65755.06,658.04,68664.97,BEAR,1.539,True,P2,SL_TRAIL,67713.89,-6.5804,-13.1608,False,21
2026-03-15 05:00:00,2026-03-15,BUY,71441.9,71474.01,32.11,258.65,70924.6,72476.5,517.3,70323.09,BULL,1.664,True,P1,TP1,72508.61,10.346,38.9047,True,5
2026-03-15 05:00:00,2026-03-15,BUY,71441.9,71474.01,32.11,258.65,70924.6,72476.5,517.3,70323.09,BULL,1.664,True,P2,OPEN_END,74329.88,28.5587,38.9047,True,5
2026-03-16 02:00:00,2026-03-16,BUY,72803.22,72834.53,31.31,467.74,71867.74,74674.18,935.48,70673.49,BULL,2.692,True,P1,TP1,74705.49,18.7096,18.7096,True,2
2026-03-16 02:00:00,2026-03-16,BUY,72803.22,72834.53,31.31,467.74,71867.74,74674.18,935.48,70673.49,BULL,2.692,True,P2,BE,72834.53,0.0,18.7096,True,2
2026-03-23 15:00:00,2026-03-23,BUY,70739.82,70771.7,31.88,830.52,69078.78,74061.9,1661.04,70488.12,BULL,1.963,True,P1,SL,69110.66,-16.6104,-33.2208,False,15
2026-03-23 15:00:00,2026-03-23,BUY,70739.82,70771.7,31.88,830.52,69078.78,74061.9,1661.04,70488.12,BULL,1.963,True,P2,SL_TRAIL,69110.66,-16.6104,-33.2208,False,15
2026-03-27 13:00:00,2026-03-27,SELL,66492.42,66477.74,14.68,498.63,67489.68,64497.9,997.26,70355.47,BEAR,1.591,True,P1,SL,67475.0,-9.9726,-19.9452,False,13
2026-03-27 13:00:00,2026-03-27,SELL,66492.42,66477.74,14.68,498.63,67489.68,64497.9,997.26,70355.47,BEAR,1.591,True,P2,SL_TRAIL,67475.0,-9.9726,-19.9452,False,13
2026-04-09 20:00:00,2026-04-09,BUY,72339.09,72371.2,32.11,501.78,71335.53,74346.21,1003.56,69159.25,BULL,1.646,True,P1,SL,71367.64,-10.0356,-20.0712,False,20
2026-04-09 20:00:00,2026-04-09,BUY,72339.09,72371.2,32.11,501.78,71335.53,74346.21,1003.56,69159.25,BULL,1.646,True,P2,SL_TRAIL,71367.64,-10.0356,-20.0712,False,20
2026-04-11 22:00:00,2026-04-11,BUY,73679.39,73711.38,31.99,263.01,73153.37,74731.43,526.02,70562.06,BULL,1.92,True,P1,SL,73185.36,-5.2602,-10.5204,False,22
2026-04-11 22:00:00,2026-04-11,BUY,73679.39,73711.38,31.99,263.01,73153.37,74731.43,526.02,70562.06,BULL,1.92,True,P2,SL_TRAIL,73185.36,-5.2602,-10.5204,False,22
2026-04-13 17:00:00,2026-04-13,BUY,72387.0,72417.74,30.74,373.69,71639.62,73881.76,747.38,70713.73,BULL,2.272,True,P1,SL,71670.36,-7.4738,-14.9476,False,17
2026-04-13 17:00:00,2026-04-13,BUY,72387.0,72417.74,30.74,373.69,71639.62,73881.76,747.38,70713.73,BULL,2.272,True,P2,SL_TRAIL,71670.36,-7.4738,-14.9476,False,17
2026-04-27 03:00:00,2026-04-27,BUY,79245.77,79275.99,30.22,455.89,78333.99,81069.33,911.78,77092.95,BULL,2.176,True,P1,SL,78364.21,-9.1178,-18.2356,False,3
2026-04-27 03:00:00,2026-04-27,BUY,79245.77,79275.99,30.22,455.89,78333.99,81069.33,911.78,77092.95,BULL,2.176,True,P2,SL_TRAIL,78364.21,-9.1178,-18.2356,False,3
2026-05-04 04:00:00,2026-05-04,BUY,79763.5,79804.95,41.45,402.86,78957.78,81374.94,805.72,77665.51,BULL,2.344,True,P1,SL,78999.23,-8.0572,-16.1144,False,4
2026-05-04 04:00:00,2026-05-04,BUY,79763.5,79804.95,41.45,402.86,78957.78,81374.94,805.72,77665.51,BULL,2.344,True,P2,SL_TRAIL,78999.23,-8.0572,-16.1144,False,4
2026-05-06 14:00:00,2026-05-06,BUY,82516.38,82549.56,33.18,463.56,81589.26,84370.62,927.12,79007.82,BULL,1.715,True,P1,SL,81622.44,-9.2712,-18.5424,False,14
2026-05-06 14:00:00,2026-05-06,BUY,82516.38,82549.56,33.18,463.56,81589.26,84370.62,927.12,79007.82,BULL,1.715,True,P2,SL_TRAIL,81622.44,-9.2712,-18.5424,False,14
