Time,Open,High,Low,Close,TickVolume
2026.05.06 01:00,4559.38,4559.77,4557.26,4558.23,288
2026.05.06 01:01,4558.34,4558.34,4553.19,4554.41,334
2026.05.06 01:02,4554.41,4554.52,4551.85,4552.2,274
2026.05.06 01:03,4552.2,4552.46,4550.81,4551.59,260
2026.05.06 01:04,4551.62,4553.16,4550.31,4552.56,177
2026.05.06 01:05,4552.4,4552.45,4550.27,4551.79,166
2026.05.06 01:06,4551.78,4551.97,4550.17,4550.86,159
2026.05.06 01:07,4550.87,4550.87,4549.17,4550.13,161
2026.05.06 01:08,4550.13,4550.99,4549.01,4550.86,188
2026.05.06 01:09,4550.86,4551.74,4550.03,4551.37,203
2026.05.06 01:10,4551.39,4552.11,4549.74,4550.98,196
2026.05.06 01:11,4550.93,4552.05,4550.16,4551.46,225
2026.05.06 01:12,4551.46,4551.47,4550.29,4550.86,141
2026.05.06 01:13,4550.86,4551.59,4550.2,4551.57,148
2026.05.06 01:14,4551.52,4552.03,4550.2,4550.5,209
2026.05.06 01:15,4550.38,4550.85,4550.38,4550.38,131
2026.05.06 01:16,4550.38,4550.49,4549.34,4550.03,209
2026.05.06 01:17,4550.03,4550.39,4549.62,4549.79,164
2026.05.06 01:18,4549.78,4549.99,4548.45,4548.87,256
2026.05.06 01:19,4548.87,4549.41,4548.69,4548.93,223
2026.05.06 01:20,4548.77,4548.8,4547.56,4548.09,210
2026.05.06 01:21,4548.08,4549.17,4547.97,4548.45,130
2026.05.06 01:22,4548.45,4549.74,4548.22,4549.31,192
2026.05.06 01:23,4549.34,4549.9,4548.97,4549.46,169
2026.05.06 01:24,4549.46,4549.91,4549.37,4549.67,129
2026.05.06 01:25,4549.68,4549.77,4548.76,4549.56,178
2026.05.06 01:26,4549.57,4549.64,4547.48,4547.61,158
2026.05.06 01:27,4547.61,4547.93,4547.37,4547.5,198
2026.05.06 01:28,4547.5,4547.91,4546.41,4547.11,200
2026.05.06 01:29,4547.11,4547.65,4546.6,4546.6,204
2026.05.06 01:30,4546.63,4547.45,4546.49,4547.13,197
2026.05.06 01:31,4547.14,4547.78,4547.01,4547.01,157
2026.05.06 01:32,4547.01,4547.67,4547.01,4547.3,172
2026.05.06 01:33,4547.3,4547.62,4546.26,4546.7,149
2026.05.06 01:34,4546.71,4549.32,4546.67,4549.16,168
2026.05.06 01:35,4549.19,4549.82,4548.97,4549.22,167
2026.05.06 01:36,4549.22,4549.75,4549.06,4549.54,127
2026.05.06 01:37,4549.54,4550.82,4549.52,4550.14,193
2026.05.06 01:38,4550.14,4550.37,4549.69,4550.32,156
2026.05.06 01:39,4550.32,4550.36,4549.86,4549.94,115
2026.05.06 01:40,4549.93,4550.66,4549.88,4550.47,140
2026.05.06 01:41,4550.48,4550.74,4550.07,4550.12,230
2026.05.06 01:42,4550.13,4550.14,4549.11,4549.32,138
2026.05.06 01:43,4549.31,4549.54,4548.93,4549.43,153
2026.05.06 01:44,4549.42,4549.71,4548.69,4548.74,164
2026.05.06 01:45,4548.72,4548.72,4546.99,4547.55,238
2026.05.06 01:46,4547.56,4548.31,4547.43,4548.02,170
2026.05.06 01:47,4548.03,4548.14,4547.44,4547.53,110
2026.05.06 01:48,4547.52,4547.89,4547.27,4547.47,146
2026.05.06 01:49,4547.49,4547.75,4547.49,4547.62,122
2026.05.06 01:50,4547.62,4548.53,4547.61,4548.26,122
2026.05.06 01:51,4548.26,4548.28,4547.34,4547.34,99
2026.05.06 01:52,4547.34,4556.94,4547.34,4554.97,641
2026.05.06 01:53,4554.97,4555.61,4552.18,4552.37,494
2026.05.06 01:54,4552.35,4558.87,4552.2,4558.62,447
2026.05.06 01:55,4558.73,4572.9,4558.73,4571.81,663
2026.05.06 01:56,4571.76,4577.15,4569.24,4570.44,579
2026.05.06 01:57,4570.46,4570.92,4567.16,4568.1,465
2026.05.06 01:58,4568.12,4569.77,4567.12,4568.8,384
2026.05.06 01:59,4568.8,4573.42,4568.06,4573.28,424
2026.05.06 02:00,4573.33,4574.53,4570.33,4572.77,449
2026.05.06 02:01,4572.76,4574.8,4571.45,4574.19,426
2026.05.06 02:02,4574.2,4574.79,4572.39,4573.12,355
2026.05.06 02:03,4573.12,4573.12,4569.45,4571.93,322
2026.05.06 02:04,4571.93,4575.61,4571.1,4574.95,362
2026.05.06 02:05,4574.97,4577.06,4574.31,4574.59,410
2026.05.06 02:06,4574.61,4574.61,4572.91,4573.55,352
2026.05.06 02:07,4573.52,4578.44,4573.5,4577.92,375
2026.05.06 02:08,4577.92,4579.26,4576.92,4577.37,375
2026.05.06 02:09,4577.4,4580.46,4576.96,4579.49,334
2026.05.06 02:10,4579.48,4580.14,4577.71,4580.14,397
2026.05.06 02:11,4580.14,4583.61,4579.41,4583.55,397
2026.05.06 02:12,4583.55,4587.94,4582.92,4585.86,530
2026.05.06 02:13,4585.79,4589.11,4585.11,4585.47,536
2026.05.06 02:14,4585.47,4590.43,4584.13,4588.7,546
2026.05.06 02:15,4588.7,4589.5,4586.22,4586.91,472
2026.05.06 02:16,4586.84,4587.26,4585.11,4585.24,486
2026.05.06 02:17,4585.24,4586.16,4583.54,4584.23,420
2026.05.06 02:18,4584.22,4587.78,4584.22,4586.8,359
2026.05.06 02:19,4586.8,4587.93,4585.51,4585.77,360
2026.05.06 02:20,4585.77,4588.21,4585.03,4588.18,361
2026.05.06 02:21,4588.22,4589.11,4585.53,4585.73,401
2026.05.06 02:22,4585.73,4588.19,4585.6,4587.24,436
2026.05.06 02:23,4587.24,4587.94,4585.17,4585.54,369
2026.05.06 02:24,4585.54,4585.65,4583.31,4584.55,394
2026.05.06 02:25,4584.56,4585.22,4583.95,4584.73,292
2026.05.06 02:26,4584.74,4584.88,4583.36,4583.71,329
2026.05.06 02:27,4583.66,4584.52,4583.51,4584.14,351
2026.05.06 02:28,4584.13,4584.43,4582.73,4583.79,350
2026.05.06 02:29,4583.8,4583.8,4582.06,4582.13,301
2026.05.06 02:30,4582.15,4582.3,4579.5,4581.2,392
2026.05.06 02:31,4581.19,4582.85,4580.51,4582.45,317
2026.05.06 02:32,4582.44,4584.82,4582.28,4584.25,294
2026.05.06 02:33,4584.24,4585.63,4582.75,4582.75,427
2026.05.06 02:34,4582.76,4584.43,4582.49,4584.26,306
2026.05.06 02:35,4584.27,4585.29,4583.63,4584.3,266
2026.05.06 02:36,4584.33,4585.26,4584.17,4584.97,219
2026.05.06 02:37,4584.96,4585.14,4584.5,4585.12,218
2026.05.06 02:38,4585.12,4587.31,4584.89,4587.21,262
2026.05.06 02:39,4587.22,4587.51,4585.63,4586.7,302
2026.05.06 02:40,4586.71,4588.44,4586.39,4587.26,294
2026.05.06 02:41,4587.26,4587.92,4587.03,4587.58,199
2026.05.06 02:42,4587.57,4588.07,4587.24,4587.73,277
2026.05.06 02:43,4587.78,4587.84,4586.84,4587.78,241
2026.05.06 02:44,4587.78,4587.78,4584.93,4585.23,301
2026.05.06 02:45,4585.18,4587.19,4584.64,4586.83,321
2026.05.06 02:46,4586.82,4587.6,4586.14,4586.39,244
2026.05.06 02:47,4586.39,4589.33,4586.29,4588.09,313
2026.05.06 02:48,4588.08,4588.37,4587.09,4588.37,283
2026.05.06 02:49,4588.37,4593.96,4587.6,4593.68,397
2026.05.06 02:50,4593.67,4594.87,4592.87,4594.7,392
2026.05.06 02:51,4594.7,4594.7,4592.05,4592.2,394
2026.05.06 02:52,4592.2,4593.55,4592.04,4592.35,293
2026.05.06 02:53,4592.34,4594.22,4592.01,4593.72,269
2026.05.06 02:54,4593.72,4593.72,4591.97,4592.05,236
2026.05.06 02:55,4592.05,4593.16,4591.16,4592.01,292
2026.05.06 02:56,4592.02,4594.77,4591.96,4594.42,286
2026.05.06 02:57,4594.41,4595.66,4593.58,4593.65,303
2026.05.06 02:58,4593.66,4594.59,4593.52,4593.67,232
2026.05.06 02:59,4593.67,4594.22,4592.91,4593.94,249
2026.05.06 03:00,4593.98,4595.98,4591.75,4593.51,501
2026.05.06 03:01,4593.5,4597.38,4593.12,4596.2,556
2026.05.06 03:02,4596.29,4598.0,4595.7,4597.01,515
2026.05.06 03:03,4597.0,4597.21,4595.21,4595.32,447
2026.05.06 03:04,4595.32,4596.78,4594.1,4595.51,425
2026.05.06 03:05,4595.52,4596.15,4593.7,4593.7,489
2026.05.06 03:06,4593.53,4594.75,4592.19,4592.19,529
2026.05.06 03:07,4592.02,4593.97,4591.18,4592.12,498
2026.05.06 03:08,4592.12,4594.12,4591.82,4593.67,394
2026.05.06 03:09,4593.68,4593.89,4591.75,4592.5,382
2026.05.06 03:10,4592.5,4593.01,4591.26,4591.39,426
2026.05.06 03:11,4591.38,4591.62,4589.82,4590.39,441
2026.05.06 03:12,4590.36,4591.1,4589.28,4589.48,433
2026.05.06 03:13,4589.45,4590.27,4589.45,4590.2,341
2026.05.06 03:14,4590.18,4592.25,4590.03,4591.64,401
2026.05.06 03:15,4591.65,4591.65,4589.35,4589.35,502
2026.05.06 03:16,4589.36,4590.02,4588.21,4589.82,453
2026.05.06 03:17,4589.82,4593.04,4589.6,4592.66,444
2026.05.06 03:18,4592.66,4597.18,4592.65,4596.26,497
2026.05.06 03:19,4596.25,4597.39,4595.47,4596.25,413
2026.05.06 03:20,4596.26,4599.84,4596.14,4598.67,520
2026.05.06 03:21,4598.69,4598.88,4597.01,4598.26,516
2026.05.06 03:22,4598.27,4600.45,4598.15,4599.96,455
2026.05.06 03:23,4599.96,4602.65,4599.53,4602.43,491
2026.05.06 03:24,4602.5,4602.82,4600.82,4602.37,387
2026.05.06 03:25,4602.34,4603.19,4601.84,4602.96,442
2026.05.06 03:26,4602.94,4604.16,4602.24,4602.79,400
2026.05.06 03:27,4602.77,4602.8,4599.96,4601.18,423
2026.05.06 03:28,4601.18,4603.19,4600.92,4602.23,363
2026.05.06 03:29,4602.15,4602.67,4601.5,4602.23,352
2026.05.06 03:30,4602.21,4604.05,4602.03,4603.68,410
2026.05.06 03:31,4603.69,4604.53,4602.76,4604.2,389
2026.05.06 03:32,4604.2,4606.52,4603.23,4605.95,369
2026.05.06 03:33,4605.96,4607.01,4605.51,4606.98,378
2026.05.06 03:34,4606.98,4608.96,4606.98,4608.81,415
2026.05.06 03:35,4608.81,4609.76,4608.19,4609.25,403
2026.05.06 03:36,4609.26,4610.29,4608.09,4608.27,366
2026.05.06 03:37,4608.19,4609.03,4607.8,4608.74,416
2026.05.06 03:38,4608.77,4610.18,4608.21,4610.11,321
2026.05.06 03:39,4610.1,4610.11,4608.21,4608.31,405
2026.05.06 03:40,4608.26,4609.66,4607.67,4609.2,420
2026.05.06 03:41,4609.27,4610.84,4609.13,4610.11,351
2026.05.06 03:42,4610.12,4610.59,4609.67,4609.87,351
2026.05.06 03:43,4609.88,4610.47,4609.08,4610.09,337
2026.05.06 03:44,4610.14,4610.63,4609.82,4610.25,322
2026.05.06 03:45,4610.15,4610.67,4609.89,4610.37,324
2026.05.06 03:46,4610.37,4610.76,4609.5,4610.66,305
2026.05.06 03:47,4610.69,4610.9,4610.15,4610.26,397
2026.05.06 03:48,4610.26,4610.87,4609.52,4610.43,363
2026.05.06 03:49,4610.42,4610.83,4609.53,4609.87,399
2026.05.06 03:50,4609.88,4611.18,4609.88,4610.97,453
2026.05.06 03:51,4610.96,4611.18,4610.5,4610.78,314
2026.05.06 03:52,4610.77,4611.21,4610.39,4610.53,295
2026.05.06 03:53,4610.52,4610.93,4610.24,4610.65,251
2026.05.06 03:54,4610.65,4611.06,4610.59,4610.87,240
2026.05.06 03:55,4610.87,4617.72,4610.8,4616.08,494
2026.05.06 03:56,4616.08,4617.6,4615.73,4615.86,448
2026.05.06 03:57,4615.87,4616.68,4615.43,4616.4,345
2026.05.06 03:58,4616.4,4619.5,4616.18,4618.24,519
2026.05.06 03:59,4618.22,4619.85,4615.69,4618.7,533
2026.05.06 04:00,4618.68,4622.54,4616.18,4616.88,715
2026.05.06 04:01,4616.76,4621.89,4614.12,4618.95,676
2026.05.06 04:02,4618.94,4619.49,4617.23,4618.09,631
2026.05.06 04:03,4618.09,4618.57,4616.15,4616.44,553
2026.05.06 04:04,4616.44,4616.73,4613.01,4615.45,585
2026.05.06 04:05,4615.45,4615.64,4613.47,4614.06,476
2026.05.06 04:06,4614.07,4614.49,4612.4,4612.86,474
2026.05.06 04:07,4612.87,4613.47,4611.11,4611.84,506
2026.05.06 04:08,4611.59,4613.17,4610.94,4612.17,443
2026.05.06 04:09,4612.13,4613.19,4611.61,4612.5,451
2026.05.06 04:10,4612.49,4612.84,4610.91,4611.34,397
2026.05.06 04:11,4611.3,4612.25,4611.04,4611.44,432
2026.05.06 04:12,4611.46,4612.64,4610.36,4610.36,444
2026.05.06 04:13,4610.37,4611.53,4609.5,4610.99,432
2026.05.06 04:14,4610.97,4611.61,4610.59,4611.48,378
2026.05.06 04:15,4611.47,4612.12,4609.75,4611.53,449
2026.05.06 04:16,4611.52,4614.29,4611.46,4613.85,456
2026.05.06 04:17,4613.84,4617.5,4613.71,4616.94,433
2026.05.06 04:18,4616.97,4617.73,4615.61,4616.63,459
2026.05.06 04:19,4616.62,4618.61,4616.54,4617.66,442
2026.05.06 04:20,4617.66,4618.55,4616.23,4617.67,489
2026.05.06 04:21,4617.64,4619.56,4617.37,4617.45,421
2026.05.06 04:22,4617.44,4617.8,4616.61,4617.3,403
2026.05.06 04:23,4617.3,4618.98,4616.9,4618.93,398
2026.05.06 04:24,4618.93,4623.87,4618.74,4623.53,521
2026.05.06 04:25,4623.57,4623.89,4621.96,4622.34,476
2026.05.06 04:26,4622.38,4623.68,4621.37,4622.96,457
2026.05.06 04:27,4622.91,4623.28,4621.75,4622.01,393
2026.05.06 04:28,4622.03,4625.56,4621.82,4624.07,445
2026.05.06 04:29,4624.04,4625.52,4624.04,4624.92,454
2026.05.06 04:30,4624.93,4625.15,4620.61,4621.95,519
2026.05.06 04:31,4621.96,4626.06,4621.27,4624.97,497
2026.05.06 04:32,4624.93,4625.53,4622.93,4624.86,493
2026.05.06 04:33,4624.86,4625.35,4622.51,4623.16,508
2026.05.06 04:34,4623.24,4623.57,4621.72,4622.59,484
2026.05.06 04:35,4622.59,4623.81,4621.13,4621.21,444
2026.05.06 04:36,4621.21,4624.14,4620.35,4623.32,514
2026.05.06 04:37,4623.28,4623.97,4621.85,4622.28,443
2026.05.06 04:38,4622.3,4624.49,4621.6,4624.34,433
2026.05.06 04:39,4624.17,4624.57,4623.55,4623.92,377
2026.05.06 04:40,4623.93,4624.55,4622.84,4624.01,483
2026.05.06 04:41,4624.0,4624.58,4622.88,4622.93,451
2026.05.06 04:42,4622.92,4623.44,4621.88,4622.96,428
2026.05.06 04:43,4622.97,4623.11,4621.77,4622.5,324
2026.05.06 04:44,4622.52,4624.9,4622.44,4623.83,415
2026.05.06 04:45,4623.84,4625.19,4623.45,4624.53,430
2026.05.06 04:46,4624.55,4625.19,4623.49,4624.45,437
2026.05.06 04:47,4624.44,4627.98,4624.14,4627.62,504
2026.05.06 04:48,4627.58,4627.68,4625.21,4625.66,474
2026.05.06 04:49,4625.71,4628.56,4625.04,4628.36,425
2026.05.06 04:50,4628.38,4628.53,4626.24,4626.34,429
2026.05.06 04:51,4626.15,4627.15,4625.6,4627.01,329
2026.05.06 04:52,4626.94,4626.97,4624.98,4625.94,374
2026.05.06 04:53,4625.95,4626.6,4625.29,4626.23,316
2026.05.06 04:54,4626.23,4626.23,4623.82,4624.74,437
2026.05.06 04:55,4624.72,4625.61,4623.78,4624.94,431
2026.05.06 04:56,4624.91,4626.53,4624.91,4625.69,393
2026.05.06 04:57,4625.68,4626.72,4625.52,4626.2,342
2026.05.06 04:58,4626.2,4626.59,4625.39,4625.43,377
2026.05.06 04:59,4625.43,4626.23,4625.08,4625.96,374
2026.05.06 05:00,4625.76,4628.23,4625.28,4628.11,377
2026.05.06 05:01,4628.03,4628.48,4627.24,4627.26,334
2026.05.06 05:02,4627.25,4628.56,4626.88,4627.34,377
2026.05.06 05:03,4627.33,4628.78,4627.01,4628.5,446
2026.05.06 05:04,4628.5,4628.67,4626.54,4627.89,380
2026.05.06 05:05,4627.89,4628.68,4627.7,4628.23,373
2026.05.06 05:06,4628.24,4628.76,4627.72,4628.38,338
2026.05.06 05:07,4628.37,4628.79,4627.38,4628.62,403
2026.05.06 05:08,4628.62,4632.33,4628.52,4631.06,428
2026.05.06 05:09,4631.07,4633.55,4630.96,4632.96,414
2026.05.06 05:10,4632.95,4633.42,4630.54,4630.54,447
2026.05.06 05:11,4630.54,4631.99,4630.13,4631.5,366
2026.05.06 05:12,4631.53,4633.14,4630.7,4632.16,376
2026.05.06 05:13,4632.17,4634.3,4631.94,4634.18,326
2026.05.06 05:14,4634.18,4634.24,4632.3,4633.32,359
2026.05.06 05:15,4633.32,4634.06,4633.02,4633.92,336
2026.05.06 05:16,4633.92,4634.34,4632.39,4632.7,340
2026.05.06 05:17,4632.68,4635.42,4632.66,4634.84,347
2026.05.06 05:18,4634.89,4636.3,4634.63,4635.67,378
2026.05.06 05:19,4635.67,4635.91,4634.13,4634.17,278
2026.05.06 05:20,4634.17,4635.74,4633.45,4635.15,338
2026.05.06 05:21,4635.15,4635.17,4633.94,4633.94,319
2026.05.06 05:22,4633.94,4634.21,4631.88,4632.54,325
2026.05.06 05:23,4632.57,4634.46,4632.47,4633.04,285
2026.05.06 05:24,4632.98,4633.7,4632.36,4633.56,237
2026.05.06 05:25,4633.55,4634.42,4632.88,4633.45,241
2026.05.06 05:26,4633.44,4633.56,4632.19,4632.21,293
2026.05.06 05:27,4632.21,4632.79,4631.77,4632.16,217
2026.05.06 05:28,4632.2,4632.2,4630.6,4630.98,337
2026.05.06 05:29,4630.98,4631.3,4629.7,4629.98,327
2026.05.06 05:30,4629.96,4630.28,4626.76,4627.9,490
2026.05.06 05:31,4627.88,4629.26,4627.47,4628.73,390
2026.05.06 05:32,4628.73,4631.91,4628.24,4631.89,421
2026.05.06 05:33,4631.88,4632.09,4630.25,4631.08,374
2026.05.06 05:34,4631.08,4631.66,4630.36,4631.26,373
2026.05.06 05:35,4631.26,4633.51,4631.26,4633.1,364
2026.05.06 05:36,4633.1,4633.32,4631.87,4633.29,299
2026.05.06 05:37,4633.35,4634.2,4632.69,4633.78,384
2026.05.06 05:38,4633.73,4633.76,4632.62,4632.87,281
2026.05.06 05:39,4632.86,4632.91,4630.46,4630.8,356
2026.05.06 05:40,4630.8,4631.1,4630.04,4631.02,290
2026.05.06 05:41,4631.02,4631.54,4630.26,4630.39,351
2026.05.06 05:42,4630.42,4632.26,4630.42,4632.13,321
2026.05.06 05:43,4632.16,4632.61,4631.2,4632.59,317
2026.05.06 05:44,4632.59,4634.98,4632.51,4634.55,392
2026.05.06 05:45,4634.53,4635.78,4633.87,4635.69,388
2026.05.06 05:46,4635.69,4637.71,4635.64,4636.94,419
2026.05.06 05:47,4636.95,4638.47,4636.7,4637.72,369
2026.05.06 05:48,4637.72,4637.77,4634.73,4635.16,376
2026.05.06 05:49,4635.16,4637.76,4635.01,4635.63,374
2026.05.06 05:50,4635.66,4636.58,4635.34,4635.34,339
2026.05.06 05:51,4635.34,4636.31,4634.53,4636.17,276
2026.05.06 05:52,4636.17,4637.35,4635.55,4637.19,302
2026.05.06 05:53,4637.13,4637.53,4636.27,4636.41,318
2026.05.06 05:54,4636.4,4638.75,4635.96,4638.62,302
2026.05.06 05:55,4638.62,4639.48,4638.43,4638.85,346
2026.05.06 05:56,4638.84,4639.85,4638.81,4639.69,294
2026.05.06 05:57,4639.7,4641.82,4639.63,4640.49,404
2026.05.06 05:58,4640.5,4640.81,4639.57,4640.0,285
2026.05.06 05:59,4640.0,4640.72,4639.37,4640.72,321
2026.05.06 06:00,4640.7,4640.76,4638.54,4638.76,384
2026.05.06 06:01,4638.73,4639.67,4638.65,4638.8,317
2026.05.06 06:02,4638.8,4641.3,4638.63,4640.61,413
2026.05.06 06:03,4640.61,4642.51,4640.36,4641.36,451
2026.05.06 06:04,4641.37,4641.61,4640.44,4641.07,396
2026.05.06 06:05,4641.07,4642.95,4640.4,4642.81,348
2026.05.06 06:06,4642.88,4644.54,4642.59,4644.2,419
2026.05.06 06:07,4644.2,4645.51,4644.12,4644.8,355
2026.05.06 06:08,4644.78,4644.97,4643.81,4644.4,345
2026.05.06 06:09,4644.4,4645.14,4643.42,4644.66,344
2026.05.06 06:10,4644.66,4646.05,4644.49,4645.28,370
2026.05.06 06:11,4645.28,4645.28,4643.49,4643.71,352
2026.05.06 06:12,4643.7,4644.7,4643.08,4644.43,289
2026.05.06 06:13,4644.43,4645.93,4644.19,4645.8,325
2026.05.06 06:14,4645.8,4650.29,4645.79,4647.73,475
2026.05.06 06:15,4647.76,4648.91,4646.92,4648.91,391
2026.05.06 06:16,4648.92,4649.03,4646.27,4647.14,391
2026.05.06 06:17,4647.14,4647.84,4646.28,4647.37,341
2026.05.06 06:18,4647.38,4650.13,4647.32,4649.42,371
2026.05.06 06:19,4649.42,4650.25,4648.65,4649.48,396
2026.05.06 06:20,4649.43,4651.12,4648.96,4649.46,381
2026.05.06 06:21,4649.47,4649.47,4646.76,4647.13,295
2026.05.06 06:22,4647.15,4647.23,4646.0,4646.41,348
2026.05.06 06:23,4646.46,4646.56,4644.81,4646.46,350
2026.05.06 06:24,4646.47,4646.65,4645.43,4645.76,305
2026.05.06 06:25,4645.76,4646.37,4645.06,4645.46,286
2026.05.06 06:26,4645.44,4646.01,4644.95,4645.69,292
2026.05.06 06:27,4645.7,4646.8,4644.47,4645.63,408
2026.05.06 06:28,4645.64,4646.34,4645.19,4645.64,235
2026.05.06 06:29,4645.65,4645.89,4645.02,4645.66,279
2026.05.06 06:30,4645.69,4645.69,4644.34,4644.57,364
2026.05.06 06:31,4644.58,4645.15,4643.02,4643.42,300
2026.05.06 06:32,4643.45,4643.57,4642.91,4643.13,248
2026.05.06 06:33,4643.13,4643.82,4642.58,4643.58,251
2026.05.06 06:34,4643.57,4644.62,4643.13,4643.89,284
2026.05.06 06:35,4643.88,4645.3,4643.66,4644.75,236
2026.05.06 06:36,4644.75,4644.75,4643.63,4644.39,232
2026.05.06 06:37,4644.39,4648.23,4644.08,4647.82,266
2026.05.06 06:38,4647.86,4648.66,4646.68,4647.41,351
2026.05.06 06:39,4647.36,4651.99,4646.66,4651.33,505
2026.05.06 06:40,4651.34,4651.51,4649.03,4649.09,359
2026.05.06 06:41,4649.09,4649.38,4647.7,4647.87,344
2026.05.06 06:42,4647.86,4647.88,4645.23,4645.3,338
2026.05.06 06:43,4645.29,4646.21,4645.29,4645.67,255
2026.05.06 06:44,4645.67,4648.09,4645.66,4647.79,271
2026.05.06 06:45,4647.74,4648.34,4647.13,4647.78,313
2026.05.06 06:46,4647.77,4647.77,4646.09,4646.39,281
2026.05.06 06:47,4646.39,4646.43,4645.28,4645.29,270
2026.05.06 06:48,4645.29,4645.68,4644.24,4644.66,222
2026.05.06 06:49,4644.65,4645.86,4644.23,4644.44,248
2026.05.06 06:50,4644.44,4645.98,4644.16,4645.98,253
2026.05.06 06:51,4645.99,4646.59,4645.57,4645.71,244
2026.05.06 06:52,4645.71,4645.9,4644.52,4645.28,215
2026.05.06 06:53,4645.26,4645.39,4643.83,4644.52,231
2026.05.06 06:54,4644.52,4644.76,4643.96,4644.05,207
2026.05.06 06:55,4644.09,4645.0,4643.7,4644.83,226
2026.05.06 06:56,4644.83,4644.83,4643.79,4644.12,245
2026.05.06 06:57,4644.12,4644.27,4643.67,4643.82,214
2026.05.06 06:58,4643.82,4643.91,4642.92,4643.73,275
2026.05.06 06:59,4643.71,4643.98,4643.3,4643.67,146
2026.05.06 07:00,4643.66,4645.39,4643.43,4644.51,284
2026.05.06 07:01,4644.54,4645.78,4644.5,4645.34,244
2026.05.06 07:02,4645.34,4645.76,4644.05,4644.08,160
2026.05.06 07:03,4644.08,4644.28,4643.49,4644.2,194
2026.05.06 07:04,4644.2,4645.1,4643.6,4644.63,211
2026.05.06 07:05,4644.63,4644.75,4643.4,4644.3,236
2026.05.06 07:06,4644.29,4645.95,4644.26,4645.72,211
2026.05.06 07:07,4645.7,4647.2,4645.22,4647.09,255
2026.05.06 07:08,4647.08,4647.77,4645.07,4645.21,304
2026.05.06 07:09,4645.21,4646.16,4645.21,4645.95,216
2026.05.06 07:10,4645.96,4646.89,4645.86,4646.03,218
2026.05.06 07:11,4646.07,4646.67,4645.5,4646.29,227
2026.05.06 07:12,4646.26,4646.27,4645.69,4646.02,204
2026.05.06 07:13,4646.02,4646.46,4645.88,4646.33,193
2026.05.06 07:14,4646.27,4647.67,4646.04,4647.62,195
2026.05.06 07:15,4647.68,4648.91,4647.57,4647.72,231
2026.05.06 07:16,4647.73,4648.62,4647.31,4648.16,186
2026.05.06 07:17,4648.11,4648.24,4647.23,4647.52,221
2026.05.06 07:18,4647.5,4647.5,4646.58,4646.92,227
2026.05.06 07:19,4646.93,4646.93,4645.72,4645.89,214
2026.05.06 07:20,4645.92,4646.33,4645.6,4645.97,207
2026.05.06 07:21,4645.97,4646.45,4645.9,4646.25,169
2026.05.06 07:22,4646.16,4646.24,4645.69,4645.99,137
2026.05.06 07:23,4645.99,4646.42,4645.88,4646.01,192
2026.05.06 07:24,4646.0,4646.52,4645.87,4646.51,160
2026.05.06 07:25,4646.53,4646.7,4645.65,4645.82,226
2026.05.06 07:26,4645.82,4646.26,4645.68,4646.22,136
2026.05.06 07:27,4646.22,4653.32,4646.13,4651.45,615
2026.05.06 07:28,4651.46,4651.82,4649.8,4650.98,505
2026.05.06 07:29,4651.01,4653.6,4650.98,4652.67,502
2026.05.06 07:30,4652.71,4652.74,4650.3,4651.48,470
2026.05.06 07:31,4651.48,4651.76,4650.49,4651.52,374
2026.05.06 07:32,4651.52,4652.16,4650.93,4652.09,399
2026.05.06 07:33,4652.05,4652.27,4651.19,4651.37,394
2026.05.06 07:34,4651.39,4651.99,4649.3,4649.74,374
2026.05.06 07:35,4649.74,4651.47,4649.74,4650.58,418
2026.05.06 07:36,4650.58,4650.9,4649.24,4649.28,367
2026.05.06 07:37,4649.28,4650.67,4649.13,4650.37,346
2026.05.06 07:38,4650.37,4650.59,4648.28,4648.9,446
2026.05.06 07:39,4648.85,4649.66,4648.59,4649.2,391
2026.05.06 07:40,4649.21,4650.36,4649.06,4650.26,341
2026.05.06 07:41,4650.26,4650.26,4648.38,4648.38,422
2026.05.06 07:42,4648.39,4648.69,4646.17,4646.42,387
2026.05.06 07:43,4646.45,4647.53,4645.98,4646.96,457
2026.05.06 07:44,4646.99,4648.04,4646.78,4647.75,397
2026.05.06 07:45,4647.74,4648.7,4647.43,4648.14,335
2026.05.06 07:46,4648.14,4648.72,4647.15,4648.23,344
2026.05.06 07:47,4648.24,4649.74,4648.24,4649.02,344
2026.05.06 07:48,4649.03,4651.53,4648.79,4651.53,326
2026.05.06 07:49,4651.53,4652.61,4650.37,4650.4,472
2026.05.06 07:50,4650.4,4651.7,4650.02,4651.59,352
2026.05.06 07:51,4651.6,4651.96,4649.68,4650.77,411
2026.05.06 07:52,4650.83,4650.9,4649.66,4649.75,351
2026.05.06 07:53,4649.7,4649.84,4648.97,4649.22,284
2026.05.06 07:54,4649.22,4650.31,4648.47,4649.09,313
2026.05.06 07:55,4649.13,4650.6,4649.08,4650.36,285
2026.05.06 07:56,4650.35,4650.65,4649.56,4650.57,289
2026.05.06 07:57,4650.57,4650.81,4648.78,4650.55,336
2026.05.06 07:58,4650.56,4651.16,4649.43,4649.43,278
2026.05.06 07:59,4649.0,4649.58,4648.84,4648.99,277
2026.05.06 08:00,4648.98,4651.7,4648.84,4651.05,320
2026.05.06 08:01,4651.03,4651.88,4650.57,4651.02,271
2026.05.06 08:02,4651.02,4651.81,4650.85,4651.02,266
2026.05.06 08:03,4651.01,4651.99,4650.79,4651.97,239
2026.05.06 08:04,4651.95,4653.46,4651.85,4651.98,257
2026.05.06 08:05,4652.0,4652.0,4650.42,4651.5,293
2026.05.06 08:06,4651.5,4651.5,4650.9,4651.09,256
2026.05.06 08:07,4651.09,4651.92,4650.42,4651.09,288
2026.05.06 08:08,4651.16,4653.75,4650.81,4653.75,254
2026.05.06 08:09,4653.75,4656.42,4653.52,4655.51,406
2026.05.06 08:10,4655.51,4655.6,4654.43,4654.62,272
2026.05.06 08:11,4654.61,4654.87,4653.82,4654.19,251
2026.05.06 08:12,4654.23,4654.85,4653.13,4654.21,277
2026.05.06 08:13,4654.18,4655.76,4654.18,4654.61,282
2026.05.06 08:14,4654.62,4656.23,4654.37,4654.88,297
2026.05.06 08:15,4654.9,4654.9,4651.84,4652.14,448
2026.05.06 08:16,4652.13,4652.3,4649.58,4649.94,301
2026.05.06 08:17,4649.95,4652.44,4649.95,4652.12,274
2026.05.06 08:18,4652.14,4652.46,4651.54,4652.46,247
2026.05.06 08:19,4652.46,4652.46,4651.29,4651.92,262
2026.05.06 08:20,4651.92,4652.02,4650.51,4650.73,240
2026.05.06 08:21,4650.76,4651.09,4650.17,4650.49,227
2026.05.06 08:22,4650.49,4652.13,4650.24,4651.05,265
2026.05.06 08:23,4651.1,4652.61,4651.1,4651.92,257
2026.05.06 08:24,4651.93,4653.88,4651.58,4653.88,256
2026.05.06 08:25,4653.88,4654.61,4653.53,4654.18,236
2026.05.06 08:26,4654.17,4655.3,4652.42,4652.62,284
2026.05.06 08:27,4652.62,4652.62,4651.28,4651.57,200
2026.05.06 08:28,4651.56,4652.06,4650.8,4651.11,185
2026.05.06 08:29,4651.1,4651.47,4650.35,4650.36,214
2026.05.06 08:30,4650.36,4651.96,4648.75,4649.89,500
2026.05.06 08:31,4649.87,4649.9,4646.67,4646.71,479
2026.05.06 08:32,4646.71,4647.85,4645.81,4647.23,409
2026.05.06 08:33,4647.24,4647.8,4644.86,4645.96,475
2026.05.06 08:34,4645.97,4648.3,4645.65,4646.74,371
2026.05.06 08:35,4646.69,4647.13,4644.99,4645.94,378
2026.05.06 08:36,4645.94,4646.21,4644.59,4645.12,374
2026.05.06 08:37,4645.12,4646.3,4644.66,4646.21,330
2026.05.06 08:38,4646.22,4647.49,4646.07,4646.16,349
2026.05.06 08:39,4646.19,4647.45,4646.18,4647.03,291
2026.05.06 08:40,4647.04,4647.13,4646.09,4646.16,334
2026.05.06 08:41,4646.15,4646.53,4645.42,4645.51,267
2026.05.06 08:42,4645.51,4646.89,4645.17,4646.72,297
2026.05.06 08:43,4646.72,4648.44,4646.25,4648.44,279
2026.05.06 08:44,4648.44,4651.13,4648.29,4650.03,353
2026.05.06 08:45,4650.03,4650.51,4649.44,4650.34,365
2026.05.06 08:46,4650.35,4651.57,4650.15,4650.67,393
2026.05.06 08:47,4650.69,4651.46,4649.93,4651.03,294
2026.05.06 08:48,4651.06,4651.29,4650.22,4651.09,301
2026.05.06 08:49,4651.07,4651.44,4649.29,4649.5,316
2026.05.06 08:50,4649.51,4651.83,4649.47,4651.75,382
2026.05.06 08:51,4651.75,4652.24,4650.56,4651.3,377
2026.05.06 08:52,4651.3,4652.17,4650.28,4652.11,315
2026.05.06 08:53,4652.11,4652.95,4651.88,4652.79,295
2026.05.06 08:54,4652.79,4653.28,4652.37,4652.96,282
2026.05.06 08:55,4652.89,4655.38,4651.97,4654.92,413
2026.05.06 08:56,4654.93,4660.68,4654.77,4658.68,565
2026.05.06 08:57,4658.65,4659.93,4657.57,4659.08,420
2026.05.06 08:58,4659.06,4663.77,4659.03,4662.73,535
2026.05.06 08:59,4662.72,4663.67,4662.0,4662.93,444
2026.05.06 09:00,4662.93,4664.65,4661.84,4664.63,606
2026.05.06 09:01,4664.6,4665.51,4662.08,4662.08,541
2026.05.06 09:02,4662.08,4662.62,4660.64,4661.49,418
2026.05.06 09:03,4661.47,4664.29,4660.3,4660.4,487
2026.05.06 09:04,4660.42,4660.95,4658.35,4658.44,427
2026.05.06 09:05,4658.49,4658.87,4657.39,4657.92,431
2026.05.06 09:06,4657.46,4659.24,4657.06,4658.72,412
2026.05.06 09:07,4658.72,4660.6,4658.28,4660.59,395
2026.05.06 09:08,4660.55,4665.86,4660.54,4664.21,447
2026.05.06 09:09,4664.21,4664.37,4663.32,4663.45,370
2026.05.06 09:10,4663.45,4664.31,4662.82,4662.83,413
2026.05.06 09:11,4662.82,4664.27,4662.51,4662.84,405
2026.05.06 09:12,4662.84,4663.49,4662.21,4662.33,420
2026.05.06 09:13,4662.36,4663.7,4662.13,4663.34,408
2026.05.06 09:14,4663.33,4663.9,4660.39,4660.42,388
2026.05.06 09:15,4660.38,4660.54,4658.95,4660.46,349
2026.05.06 09:16,4660.46,4660.81,4659.51,4660.34,330
2026.05.06 09:17,4660.44,4661.4,4660.18,4660.43,337
2026.05.06 09:18,4660.44,4660.46,4658.92,4659.36,353
2026.05.06 09:19,4659.34,4659.51,4658.26,4658.27,348
2026.05.06 09:20,4658.27,4661.13,4657.92,4660.28,436
2026.05.06 09:21,4660.28,4661.75,4659.78,4660.86,354
2026.05.06 09:22,4660.85,4661.05,4660.07,4660.5,321
2026.05.06 09:23,4660.48,4663.76,4660.46,4663.58,444
2026.05.06 09:24,4663.58,4664.7,4662.5,4662.85,394
2026.05.06 09:25,4662.82,4665.59,4661.92,4665.14,324
2026.05.06 09:26,4665.13,4666.59,4664.44,4666.43,392
2026.05.06 09:27,4666.48,4666.51,4665.26,4665.91,353
2026.05.06 09:28,4665.92,4666.52,4665.27,4666.4,359
2026.05.06 09:29,4666.39,4666.47,4665.01,4666.08,343
2026.05.06 09:30,4666.09,4666.59,4665.1,4666.52,339
2026.05.06 09:31,4666.61,4668.22,4666.16,4667.93,409
2026.05.06 09:32,4667.93,4667.93,4665.71,4666.23,404
2026.05.06 09:33,4666.24,4666.9,4665.17,4665.47,354
2026.05.06 09:34,4665.47,4665.98,4663.41,4664.05,365
2026.05.06 09:35,4664.03,4664.38,4663.49,4663.54,272
2026.05.06 09:36,4663.54,4663.71,4662.26,4662.44,291
2026.05.06 09:37,4662.44,4666.39,4662.44,4665.66,384
2026.05.06 09:38,4665.66,4667.38,4665.24,4667.36,313
2026.05.06 09:39,4667.33,4668.61,4665.87,4666.1,390
2026.05.06 09:40,4666.09,4667.78,4665.64,4665.85,397
2026.05.06 09:41,4665.86,4666.05,4663.75,4664.05,452
2026.05.06 09:42,4664.12,4664.13,4660.15,4662.09,513
2026.05.06 09:43,4662.1,4662.1,4660.07,4661.7,379
2026.05.06 09:44,4661.7,4664.79,4661.55,4664.12,394
2026.05.06 09:45,4664.13,4665.91,4663.85,4664.99,360
2026.05.06 09:46,4664.99,4666.64,4664.82,4665.83,395
2026.05.06 09:47,4665.83,4666.61,4663.57,4664.35,377
2026.05.06 09:48,4664.35,4665.19,4663.93,4665.05,365
2026.05.06 09:49,4665.03,4665.21,4664.48,4664.89,310
2026.05.06 09:50,4664.89,4664.89,4663.43,4663.65,321
2026.05.06 09:51,4663.65,4664.1,4662.87,4663.03,352
2026.05.06 09:52,4663.04,4665.35,4662.84,4664.97,369
2026.05.06 09:53,4664.97,4665.01,4663.84,4664.93,330
2026.05.06 09:54,4664.93,4665.38,4664.28,4664.71,353
2026.05.06 09:55,4664.7,4665.95,4664.4,4665.81,365
2026.05.06 09:56,4665.68,4666.21,4665.28,4665.76,240
2026.05.06 09:57,4665.76,4666.25,4665.08,4665.63,305
2026.05.06 09:58,4665.65,4666.6,4665.41,4665.94,336
2026.05.06 09:59,4665.93,4669.51,4665.83,4669.19,464
2026.05.06 10:00,4669.19,4670.16,4667.42,4667.43,479
2026.05.06 10:01,4667.43,4669.05,4665.43,4668.53,385
2026.05.06 10:02,4668.5,4668.56,4665.72,4666.37,394
2026.05.06 10:03,4666.37,4667.92,4666.37,4667.86,262
2026.05.06 10:04,4667.91,4668.83,4667.68,4667.69,344
2026.05.06 10:05,4667.69,4668.07,4666.66,4666.66,369
2026.05.06 10:06,4666.67,4667.11,4666.21,4666.59,331
2026.05.06 10:07,4666.57,4667.3,4666.3,4666.37,320
2026.05.06 10:08,4666.38,4667.89,4665.98,4666.24,373
2026.05.06 10:09,4666.19,4666.92,4666.15,4666.87,261
2026.05.06 10:10,4666.9,4667.93,4666.14,4667.04,379
2026.05.06 10:11,4666.99,4667.02,4664.16,4664.75,418
2026.05.06 10:12,4664.74,4664.74,4660.64,4660.94,357
2026.05.06 10:13,4660.94,4662.03,4660.55,4661.01,361
2026.05.06 10:14,4661.03,4661.19,4658.44,4658.53,422
2026.05.06 10:15,4658.52,4658.52,4657.4,4658.04,396
2026.05.06 10:16,4658.04,4658.81,4657.67,4657.84,374
2026.05.06 10:17,4657.83,4659.65,4657.83,4658.52,320
2026.05.06 10:18,4658.53,4659.61,4658.28,4658.85,360
2026.05.06 10:19,4658.87,4660.79,4658.44,4660.66,379
2026.05.06 10:20,4660.65,4660.79,4659.58,4660.03,322
2026.05.06 10:21,4660.04,4662.19,4660.01,4661.76,351
2026.05.06 10:22,4661.77,4663.61,4661.63,4662.66,354
2026.05.06 10:23,4662.62,4662.68,4661.32,4661.86,298
2026.05.06 10:24,4661.82,4665.5,4661.38,4664.69,384
2026.05.06 10:25,4664.67,4665.36,4663.25,4663.67,478
2026.05.06 10:26,4663.64,4666.57,4663.63,4665.74,492
2026.05.06 10:27,4665.74,4667.41,4665.15,4667.37,348
2026.05.06 10:28,4667.37,4669.96,4667.31,4667.95,420
2026.05.06 10:29,4667.9,4669.23,4667.48,4667.51,354
2026.05.06 10:30,4667.49,4667.83,4666.57,4667.31,341
2026.05.06 10:31,4667.3,4668.21,4664.12,4664.18,404
2026.05.06 10:32,4664.18,4666.04,4663.31,4665.81,329
2026.05.06 10:33,4665.81,4666.34,4664.72,4665.18,369
2026.05.06 10:34,4665.14,4667.75,4664.81,4665.87,450
2026.05.06 10:35,4665.87,4666.83,4663.98,4664.13,436
2026.05.06 10:36,4664.16,4665.23,4663.07,4664.57,380
2026.05.06 10:37,4664.54,4665.96,4664.4,4665.23,219
2026.05.06 10:38,4665.21,4665.39,4664.12,4664.86,254
2026.05.06 10:39,4664.81,4666.16,4664.67,4664.86,229
2026.05.06 10:40,4664.86,4667.66,4664.52,4667.09,249
2026.05.06 10:41,4667.09,4668.52,4667.03,4668.31,297
2026.05.06 10:42,4668.31,4668.5,4667.36,4667.79,272
2026.05.06 10:43,4667.79,4669.14,4667.78,4669.0,266
2026.05.06 10:44,4669.01,4670.53,4668.63,4670.53,287
2026.05.06 10:45,4670.49,4673.94,4670.23,4673.37,555
2026.05.06 10:46,4673.37,4677.36,4672.85,4676.02,678
2026.05.06 10:47,4676.09,4676.55,4673.76,4673.97,553
2026.05.06 10:48,4674.29,4675.08,4673.61,4673.61,411
2026.05.06 10:49,4673.44,4676.76,4673.42,4675.25,405
2026.05.06 10:50,4675.27,4677.07,4674.72,4676.67,418
2026.05.06 10:51,4676.72,4678.26,4675.07,4675.27,427
2026.05.06 10:52,4675.24,4676.21,4674.06,4675.41,378
2026.05.06 10:53,4675.4,4675.71,4674.78,4675.14,293
2026.05.06 10:54,4675.09,4675.09,4673.75,4674.32,326
2026.05.06 10:55,4674.33,4675.16,4674.2,4674.29,276
2026.05.06 10:56,4674.29,4674.97,4674.17,4674.84,335
2026.05.06 10:57,4674.84,4675.99,4674.48,4675.97,387
2026.05.06 10:58,4675.97,4677.4,4675.88,4677.32,392
2026.05.06 10:59,4677.33,4681.78,4677.01,4681.19,564
2026.05.06 11:00,4681.22,4682.39,4678.34,4678.49,591
2026.05.06 11:01,4678.5,4678.56,4675.8,4676.46,515
2026.05.06 11:02,4676.45,4678.06,4676.45,4677.21,424
2026.05.06 11:03,4677.18,4678.42,4676.41,4677.55,410
2026.05.06 11:04,4677.55,4678.75,4677.33,4677.78,340
2026.05.06 11:05,4677.77,4679.58,4677.23,4679.17,409
2026.05.06 11:06,4679.17,4680.18,4678.56,4678.67,354
2026.05.06 11:07,4678.67,4679.08,4676.42,4677.36,408
2026.05.06 11:08,4677.38,4678.22,4675.22,4675.25,400
2026.05.06 11:09,4675.25,4677.74,4675.25,4677.45,345
2026.05.06 11:10,4677.48,4679.91,4676.76,4679.56,440
2026.05.06 11:11,4679.56,4682.14,4679.55,4681.48,408
2026.05.06 11:12,4681.5,4681.51,4678.63,4678.92,341
2026.05.06 11:13,4678.92,4680.47,4678.51,4679.39,389
2026.05.06 11:14,4679.43,4680.86,4678.95,4679.55,426
2026.05.06 11:15,4679.55,4680.06,4678.02,4679.93,404
2026.05.06 11:16,4679.95,4680.74,4679.18,4679.8,368
2026.05.06 11:17,4679.79,4679.8,4678.53,4679.38,333
2026.05.06 11:18,4679.4,4679.44,4677.52,4678.42,351
2026.05.06 11:19,4678.39,4679.25,4678.07,4678.58,376
2026.05.06 11:20,4678.55,4678.88,4676.8,4677.06,340
2026.05.06 11:21,4677.09,4678.92,4677.09,4678.1,359
2026.05.06 11:22,4678.1,4678.69,4677.74,4677.95,305
2026.05.06 11:23,4677.98,4679.5,4677.65,4679.43,303
2026.05.06 11:24,4679.38,4679.56,4678.38,4678.39,301
2026.05.06 11:25,4678.39,4678.61,4677.53,4678.01,294
2026.05.06 11:26,4678.01,4679.97,4677.88,4679.07,285
2026.05.06 11:27,4679.11,4679.41,4678.6,4678.66,259
2026.05.06 11:28,4678.66,4679.31,4677.73,4678.08,273
2026.05.06 11:29,4678.09,4678.11,4676.79,4676.91,337
2026.05.06 11:30,4676.91,4677.95,4676.8,4677.66,318
2026.05.06 11:31,4677.57,4677.71,4676.02,4676.14,276
2026.05.06 11:32,4676.13,4677.59,4675.32,4677.06,381
2026.05.06 11:33,4677.04,4678.02,4676.83,4677.7,341
2026.05.06 11:34,4677.6,4677.75,4675.71,4675.87,346
2026.05.06 11:35,4675.88,4675.91,4672.4,4672.4,374
2026.05.06 11:36,4672.45,4675.33,4671.59,4674.44,513
2026.05.06 11:37,4674.43,4675.33,4672.77,4673.49,394
2026.05.06 11:38,4673.47,4675.52,4672.99,4674.88,366
2026.05.06 11:39,4674.88,4675.92,4674.88,4675.74,283
2026.05.06 11:40,4675.74,4675.82,4674.56,4674.56,259
2026.05.06 11:41,4674.57,4674.91,4673.37,4674.41,342
2026.05.06 11:42,4674.43,4677.68,4674.39,4677.65,333
2026.05.06 11:43,4677.66,4678.75,4677.38,4677.7,293
2026.05.06 11:44,4677.72,4677.99,4677.18,4677.41,253
2026.05.06 11:45,4677.43,4677.92,4677.37,4677.63,219
2026.05.06 11:46,4677.64,4679.04,4677.64,4678.19,313
2026.05.06 11:47,4678.2,4679.5,4677.65,4679.29,299
2026.05.06 11:48,4679.23,4680.2,4679.08,4680.18,252
2026.05.06 11:49,4680.2,4682.01,4679.78,4679.79,273
2026.05.06 11:50,4679.77,4700.61,4679.58,4696.12,798
2026.05.06 11:51,4696.05,4702.09,4693.79,4693.96,832
2026.05.06 11:52,4694.06,4702.4,4692.66,4699.21,790
2026.05.06 11:53,4699.18,4702.27,4695.09,4695.69,757
2026.05.06 11:54,4695.72,4701.71,4695.72,4697.32,705
2026.05.06 11:55,4697.35,4700.53,4695.87,4697.95,710
2026.05.06 11:56,4698.02,4701.06,4696.97,4697.1,712
2026.05.06 11:57,4697.09,4699.54,4693.35,4693.51,659
2026.05.06 11:58,4693.12,4695.73,4692.88,4694.83,635
2026.05.06 11:59,4694.85,4700.23,4693.98,4700.13,614
2026.05.06 12:00,4700.43,4708.46,4700.25,4703.09,749
2026.05.06 12:01,4703.08,4704.14,4700.49,4701.96,652
2026.05.06 12:02,4701.99,4701.99,4697.82,4698.42,563
2026.05.06 12:03,4698.42,4698.81,4694.6,4695.72,593
2026.05.06 12:04,4695.76,4695.88,4692.21,4692.27,544
2026.05.06 12:05,4692.1,4693.45,4689.47,4690.72,614
2026.05.06 12:06,4690.68,4691.7,4689.75,4690.9,589
2026.05.06 12:07,4690.92,4693.81,4689.08,4691.95,676
2026.05.06 12:08,4691.92,4696.54,4691.55,4695.89,551
2026.05.06 12:09,4695.91,4695.99,4693.9,4695.03,459
2026.05.06 12:10,4694.98,4695.87,4693.69,4695.04,523
2026.05.06 12:11,4695.03,4696.75,4694.25,4696.33,452
2026.05.06 12:12,4696.34,4698.81,4695.5,4696.53,494
2026.05.06 12:13,4696.33,4697.59,4695.3,4697.03,476
2026.05.06 12:14,4697.03,4697.16,4695.06,4695.68,419
2026.05.06 12:15,4695.64,4697.64,4695.05,4695.13,477
2026.05.06 12:16,4695.14,4697.16,4695.07,4695.9,548
2026.05.06 12:17,4695.91,4698.19,4694.69,4698.16,447
2026.05.06 12:18,4698.15,4701.97,4698.15,4701.27,521
2026.05.06 12:19,4701.29,4702.85,4699.74,4699.85,632
2026.05.06 12:20,4699.79,4700.03,4697.21,4698.92,590
2026.05.06 12:21,4698.87,4699.17,4695.17,4695.7,549
2026.05.06 12:22,4695.69,4696.8,4691.34,4692.77,489
2026.05.06 12:23,4692.79,4693.86,4691.69,4693.28,453
2026.05.06 12:24,4693.26,4695.69,4692.62,4695.68,484
2026.05.06 12:25,4695.71,4696.15,4694.36,4694.6,467
2026.05.06 12:26,4694.67,4696.83,4694.67,4696.72,478
2026.05.06 12:27,4696.73,4700.67,4696.73,4700.15,485
2026.05.06 12:28,4700.19,4705.01,4699.71,4702.51,550
2026.05.06 12:29,4702.51,4702.51,4699.04,4700.08,469
2026.05.06 12:30,4700.07,4700.07,4698.4,4698.9,366
2026.05.06 12:31,4698.91,4699.02,4696.56,4696.76,448
2026.05.06 12:32,4696.73,4702.11,4696.35,4701.95,654
2026.05.06 12:33,4701.9,4704.27,4701.06,4701.79,593
2026.05.06 12:34,4701.81,4703.57,4700.48,4703.51,526
2026.05.06 12:35,4703.51,4703.73,4701.66,4702.69,535
2026.05.06 12:36,4702.7,4704.47,4702.34,4702.97,542
2026.05.06 12:37,4702.98,4706.0,4702.53,4704.53,564
2026.05.06 12:38,4704.51,4704.87,4702.05,4702.08,476
2026.05.06 12:39,4702.06,4703.39,4702.06,4703.27,429
2026.05.06 12:40,4703.27,4704.83,4702.02,4702.53,406
2026.05.06 12:41,4702.45,4702.78,4700.28,4700.28,410
2026.05.06 12:42,4700.29,4700.71,4697.07,4697.43,459
2026.05.06 12:43,4697.41,4698.63,4696.16,4696.6,418
2026.05.06 12:44,4696.6,4697.31,4695.85,4695.97,375
2026.05.06 12:45,4695.97,4696.7,4694.28,4695.54,449
2026.05.06 12:46,4695.53,4699.01,4695.3,4698.87,511
2026.05.06 12:47,4698.86,4702.23,4698.65,4699.28,536
2026.05.06 12:48,4699.28,4700.31,4698.52,4699.85,410
2026.05.06 12:49,4699.96,4701.38,4699.72,4701.33,407
2026.05.06 12:50,4701.32,4701.32,4697.58,4698.32,422
2026.05.06 12:51,4698.31,4700.2,4698.31,4698.81,405
2026.05.06 12:52,4698.82,4698.96,4697.29,4698.82,471
2026.05.06 12:53,4698.85,4700.33,4698.02,4699.67,406
2026.05.06 12:54,4699.69,4700.8,4699.5,4700.27,328
2026.05.06 12:55,4700.28,4702.39,4700.28,4701.51,391
2026.05.06 12:56,4701.5,4702.27,4700.76,4701.06,438
2026.05.06 12:57,4701.04,4702.19,4700.47,4701.52,453
2026.05.06 12:58,4701.52,4701.82,4700.95,4701.25,406
2026.05.06 12:59,4701.25,4702.81,4701.16,4701.76,430
2026.05.06 13:00,4701.78,4705.72,4701.78,4704.14,582
2026.05.06 13:01,4704.16,4704.93,4702.75,4703.49,515
2026.05.06 13:02,4703.5,4703.71,4701.51,4701.75,552
2026.05.06 13:03,4701.75,4703.27,4699.7,4699.9,497
2026.05.06 13:04,4699.93,4702.57,4698.83,4700.62,515
2026.05.06 13:05,4700.68,4701.42,4699.69,4700.29,454
2026.05.06 13:06,4700.3,4701.76,4699.62,4701.4,399
2026.05.06 13:07,4701.49,4701.49,4698.71,4699.34,368
2026.05.06 13:08,4699.34,4700.4,4697.3,4697.48,436
2026.05.06 13:09,4697.47,4698.12,4695.94,4696.45,470
2026.05.06 13:10,4696.44,4698.58,4695.94,4698.49,461
2026.05.06 13:11,4698.5,4699.08,4697.66,4697.89,456
2026.05.06 13:12,4697.87,4698.23,4696.67,4697.44,431
2026.05.06 13:13,4697.26,4700.26,4697.24,4698.17,368
2026.05.06 13:14,4698.17,4699.24,4698.12,4698.15,395
2026.05.06 13:15,4698.15,4698.5,4696.97,4697.07,381
2026.05.06 13:16,4697.07,4699.56,4695.55,4698.49,443
2026.05.06 13:17,4698.51,4699.26,4697.79,4699.21,356
2026.05.06 13:18,4699.21,4700.97,4699.15,4700.18,441
2026.05.06 13:19,4700.18,4700.6,4698.19,4698.61,391
2026.05.06 13:20,4698.62,4699.32,4697.99,4698.05,422
2026.05.06 13:21,4698.06,4698.47,4697.48,4697.76,375
2026.05.06 13:22,4697.78,4699.54,4697.78,4698.95,407
2026.05.06 13:23,4698.96,4700.23,4698.61,4699.63,411
2026.05.06 13:24,4699.65,4701.99,4699.46,4701.24,407
2026.05.06 13:25,4701.26,4703.03,4701.13,4702.28,366
2026.05.06 13:26,4702.26,4703.11,4701.69,4701.85,417
2026.05.06 13:27,4701.92,4704.31,4701.74,4703.91,345
2026.05.06 13:28,4703.91,4704.56,4702.53,4703.27,453
2026.05.06 13:29,4703.27,4704.61,4702.35,4704.38,426
2026.05.06 13:30,4704.38,4711.91,4704.38,4711.63,605
2026.05.06 13:31,4711.64,4711.67,4706.72,4706.75,551
2026.05.06 13:32,4706.75,4709.6,4706.67,4708.78,455
2026.05.06 13:33,4708.74,4711.59,4708.73,4710.93,461
2026.05.06 13:34,4710.95,4711.52,4709.15,4709.35,481
2026.05.06 13:35,4709.56,4710.88,4708.67,4708.84,458
2026.05.06 13:36,4708.87,4710.96,4708.53,4708.89,490
2026.05.06 13:37,4708.94,4710.13,4708.02,4708.97,449
2026.05.06 13:38,4708.93,4709.65,4708.14,4708.22,388
2026.05.06 13:39,4708.24,4710.26,4708.01,4710.1,371
2026.05.06 13:40,4710.17,4712.01,4709.81,4711.65,430
2026.05.06 13:41,4711.65,4715.13,4711.26,4711.62,586
2026.05.06 13:42,4711.39,4713.21,4710.28,4712.79,546
2026.05.06 13:43,4712.78,4714.78,4711.75,4714.12,578
2026.05.06 13:44,4714.12,4716.04,4713.71,4714.08,542
2026.05.06 13:45,4714.07,4715.44,4713.23,4713.67,581
2026.05.06 13:46,4713.71,4714.54,4710.94,4714.33,544
2026.05.06 13:47,4714.33,4715.41,4713.01,4713.21,541
2026.05.06 13:48,4713.14,4713.31,4709.48,4712.15,542
2026.05.06 13:49,4712.16,4714.56,4707.6,4710.74,672
2026.05.06 13:50,4710.65,4715.02,4710.65,4714.53,578
2026.05.06 13:51,4714.61,4714.87,4710.46,4710.59,574
2026.05.06 13:52,4710.6,4713.21,4710.12,4712.68,533
2026.05.06 13:53,4712.72,4716.86,4712.31,4716.86,690
2026.05.06 13:54,4716.88,4722.87,4716.88,4721.65,685
2026.05.06 13:55,4721.67,4721.72,4718.1,4719.76,657
2026.05.06 13:56,4719.8,4720.87,4716.43,4716.71,563
2026.05.06 13:57,4716.69,4719.76,4716.04,4719.65,617
2026.05.06 13:58,4719.64,4719.78,4718.03,4718.14,556
2026.05.06 13:59,4718.14,4719.71,4717.89,4717.89,500
2026.05.06 14:00,4717.89,4720.51,4717.06,4719.38,603
2026.05.06 14:01,4719.39,4719.55,4714.97,4716.91,648
2026.05.06 14:02,4716.94,4717.08,4712.97,4713.09,651
2026.05.06 14:03,4713.08,4714.23,4711.47,4712.19,590
2026.05.06 14:04,4712.18,4713.87,4711.66,4713.48,556
2026.05.06 14:05,4713.53,4715.56,4713.19,4715.56,559
2026.05.06 14:06,4715.58,4718.24,4715.19,4716.61,544
2026.05.06 14:07,4716.6,4717.03,4716.05,4716.63,421
2026.05.06 14:08,4716.65,4718.46,4716.13,4718.04,524
2026.05.06 14:09,4718.02,4721.27,4717.84,4720.14,531
2026.05.06 14:10,4720.14,4720.61,4718.1,4718.53,453
2026.05.06 14:11,4718.55,4718.96,4717.32,4717.91,459
2026.05.06 14:12,4717.91,4718.32,4709.52,4710.24,633
2026.05.06 14:13,4710.25,4713.5,4709.22,4712.08,561
2026.05.06 14:14,4712.03,4713.52,4711.47,4711.95,537
2026.05.06 14:15,4711.99,4713.52,4711.46,4712.23,504
2026.05.06 14:16,4712.22,4712.24,4709.33,4710.86,526
2026.05.06 14:17,4710.86,4712.26,4709.64,4711.89,480
2026.05.06 14:18,4711.88,4713.25,4710.8,4711.28,546
2026.05.06 14:19,4711.28,4713.52,4711.22,4712.04,517
2026.05.06 14:20,4712.02,4712.68,4710.57,4711.1,533
2026.05.06 14:21,4711.1,4711.82,4710.41,4711.68,461
2026.05.06 14:22,4711.66,4711.82,4709.92,4710.67,414
2026.05.06 14:23,4710.67,4711.38,4709.69,4709.74,381
2026.05.06 14:24,4709.74,4710.27,4708.98,4710.0,449
2026.05.06 14:25,4710.0,4712.39,4709.56,4711.05,512
2026.05.06 14:26,4711.03,4712.59,4710.85,4711.61,481
2026.05.06 14:27,4711.61,4711.9,4709.45,4710.19,429
2026.05.06 14:28,4710.22,4710.4,4707.82,4708.75,402
2026.05.06 14:29,4708.74,4709.04,4705.6,4705.64,447
2026.05.06 14:30,4705.59,4706.4,4704.63,4704.64,422
2026.05.06 14:31,4704.63,4708.09,4704.29,4708.08,523
2026.05.06 14:32,4708.07,4710.51,4708.05,4709.13,461
2026.05.06 14:33,4709.17,4712.22,4709.13,4712.18,444
2026.05.06 14:34,4712.18,4715.35,4711.8,4713.52,523
2026.05.06 14:35,4713.52,4714.3,4712.82,4713.62,472
2026.05.06 14:36,4713.62,4714.57,4712.74,4713.08,394
2026.05.06 14:37,4713.05,4714.89,4712.38,4714.1,451
2026.05.06 14:38,4714.1,4714.93,4712.91,4712.97,417
2026.05.06 14:39,4712.96,4712.96,4709.56,4710.18,450
2026.05.06 14:40,4710.16,4711.44,4708.09,4708.17,438
2026.05.06 14:41,4708.19,4709.82,4702.95,4707.58,645
2026.05.06 14:42,4707.61,4708.14,4703.7,4703.78,615
2026.05.06 14:43,4703.88,4703.89,4698.91,4702.23,671
2026.05.06 14:44,4702.22,4702.56,4698.63,4699.61,604
2026.05.06 14:45,4699.63,4701.27,4698.52,4700.32,580
2026.05.06 14:46,4700.41,4701.09,4698.27,4699.6,613
2026.05.06 14:47,4699.67,4702.59,4699.65,4701.49,533
2026.05.06 14:48,4701.5,4701.5,4697.24,4699.87,551
2026.05.06 14:49,4699.87,4700.08,4696.99,4697.66,527
2026.05.06 14:50,4697.69,4700.41,4697.1,4699.06,526
2026.05.06 14:51,4699.06,4700.18,4696.9,4699.07,558
2026.05.06 14:52,4699.1,4699.83,4698.32,4699.24,486
2026.05.06 14:53,4699.24,4699.49,4697.24,4697.45,469
2026.05.06 14:54,4697.47,4698.72,4696.09,4698.02,495
2026.05.06 14:55,4698.04,4698.13,4695.87,4696.06,479
2026.05.06 14:56,4696.14,4697.42,4694.32,4694.82,526
2026.05.06 14:57,4694.72,4694.72,4691.51,4692.83,592
2026.05.06 14:58,4692.85,4694.46,4691.39,4691.6,515
2026.05.06 14:59,4691.58,4693.46,4690.8,4691.96,505
2026.05.06 15:00,4692.02,4693.07,4689.68,4691.41,560
2026.05.06 15:01,4691.41,4692.02,4684.65,4688.93,630
2026.05.06 15:02,4688.95,4689.0,4686.13,4686.13,605
2026.05.06 15:03,4686.08,4686.22,4681.16,4682.77,634
2026.05.06 15:04,4682.76,4686.54,4682.3,4685.45,590
2026.05.06 15:05,4685.48,4687.43,4682.71,4687.2,591
2026.05.06 15:06,4687.16,4687.16,4680.08,4682.88,653
2026.05.06 15:07,4682.88,4685.04,4681.18,4684.24,553
2026.05.06 15:08,4684.24,4685.87,4682.46,4683.89,560
2026.05.06 15:09,4683.91,4684.2,4682.06,4682.52,489
2026.05.06 15:10,4682.47,4682.47,4676.07,4676.77,604
2026.05.06 15:11,4676.58,4680.68,4676.58,4679.11,593
2026.05.06 15:12,4679.11,4680.17,4677.54,4678.57,534
2026.05.06 15:13,4678.56,4678.62,4674.09,4676.5,492
2026.05.06 15:14,4676.5,4678.04,4671.05,4672.95,588
2026.05.06 15:15,4673.03,4675.13,4666.45,4674.66,784
2026.05.06 15:16,4674.43,4676.77,4673.09,4673.77,671
2026.05.06 15:17,4673.76,4673.76,4668.34,4672.33,615
2026.05.06 15:18,4672.31,4672.34,4664.71,4664.76,639
2026.05.06 15:19,4664.74,4670.62,4660.3,4670.55,757
2026.05.06 15:20,4670.46,4675.96,4669.39,4673.74,665
2026.05.06 15:21,4673.76,4679.25,4673.65,4677.17,687
2026.05.06 15:22,4677.13,4679.08,4675.92,4677.56,636
2026.05.06 15:23,4677.55,4681.69,4676.13,4681.48,580
2026.05.06 15:24,4681.49,4683.73,4681.49,4682.74,595
2026.05.06 15:25,4682.74,4685.6,4682.66,4683.95,595
2026.05.06 15:26,4683.87,4684.59,4682.33,4684.5,562
2026.05.06 15:27,4684.47,4686.09,4683.47,4686.02,507
2026.05.06 15:28,4685.99,4688.57,4685.51,4687.16,524
2026.05.06 15:29,4687.2,4687.2,4682.92,4683.29,490
2026.05.06 15:30,4683.29,4685.22,4678.04,4679.17,608
2026.05.06 15:31,4679.23,4685.36,4678.5,4685.2,569
2026.05.06 15:32,4685.19,4685.24,4681.54,4682.65,550
2026.05.06 15:33,4682.64,4682.9,4680.61,4681.67,533
2026.05.06 15:34,4681.67,4683.68,4680.76,4683.56,547
2026.05.06 15:35,4683.57,4684.14,4681.48,4682.81,501
2026.05.06 15:36,4682.81,4683.43,4681.78,4683.18,445
2026.05.06 15:37,4683.18,4683.18,4679.11,4679.4,570
2026.05.06 15:38,4679.38,4681.63,4679.05,4679.96,553
2026.05.06 15:39,4679.95,4681.11,4679.85,4680.31,496
2026.05.06 15:40,4680.3,4683.11,4679.9,4681.03,530
2026.05.06 15:41,4681.05,4682.87,4680.27,4682.86,493
2026.05.06 15:42,4682.86,4683.43,4680.36,4681.15,510
2026.05.06 15:43,4681.17,4682.92,4679.37,4679.74,473
2026.05.06 15:44,4679.75,4683.58,4679.75,4682.68,459
2026.05.06 15:45,4682.69,4684.11,4681.96,4683.8,389
2026.05.06 15:46,4683.78,4684.43,4682.25,4682.28,471
2026.05.06 15:47,4682.28,4684.53,4681.46,4684.53,472
2026.05.06 15:48,4684.43,4684.48,4678.97,4679.51,484
2026.05.06 15:49,4679.51,4681.1,4678.94,4681.1,436
2026.05.06 15:50,4681.08,4681.44,4678.91,4680.31,478
2026.05.06 15:51,4680.31,4680.97,4678.15,4680.52,493
2026.05.06 15:52,4680.54,4681.34,4679.21,4680.85,436
2026.05.06 15:53,4680.86,4681.33,4679.66,4680.39,443
2026.05.06 15:54,4680.39,4681.0,4676.91,4677.46,488
2026.05.06 15:55,4677.45,4679.68,4677.16,4679.04,530
2026.05.06 15:56,4679.07,4679.91,4678.45,4678.49,476
2026.05.06 15:57,4678.46,4679.15,4676.81,4676.88,463
2026.05.06 15:58,4676.88,4680.32,4676.83,4679.38,478
2026.05.06 15:59,4679.38,4683.55,4679.38,4683.25,534
2026.05.06 16:00,4683.22,4684.88,4677.32,4684.81,715
2026.05.06 16:01,4685.26,4692.4,4685.01,4691.52,677
2026.05.06 16:02,4691.46,4691.46,4688.9,4689.42,584
2026.05.06 16:03,4689.42,4690.31,4688.26,4690.0,571
2026.05.06 16:04,4689.96,4691.81,4681.57,4683.28,617
2026.05.06 16:05,4683.14,4685.38,4677.96,4684.59,755
2026.05.06 16:06,4684.59,4684.59,4677.55,4680.04,670
2026.05.06 16:07,4680.01,4682.07,4677.38,4677.59,670
2026.05.06 16:08,4677.6,4677.67,4669.49,4674.33,759
2026.05.06 16:09,4674.3,4674.3,4668.74,4673.17,675
2026.05.06 16:10,4673.61,4676.53,4672.18,4676.21,577
2026.05.06 16:11,4676.22,4679.94,4675.28,4678.75,590
2026.05.06 16:12,4678.75,4680.89,4678.44,4680.22,516
2026.05.06 16:13,4680.15,4680.23,4677.61,4679.57,521
2026.05.06 16:14,4679.47,4683.55,4678.93,4683.55,490
2026.05.06 16:15,4683.53,4691.13,4682.86,4687.07,581
2026.05.06 16:16,4687.13,4687.23,4684.14,4686.27,559
2026.05.06 16:17,4686.26,4687.05,4684.92,4685.44,511
2026.05.06 16:18,4685.41,4685.84,4682.85,4684.05,520
2026.05.06 16:19,4683.64,4685.71,4682.89,4682.89,490
2026.05.06 16:20,4682.9,4683.6,4679.48,4682.14,614
2026.05.06 16:21,4682.07,4685.42,4682.0,4683.99,527
2026.05.06 16:22,4683.99,4684.57,4681.5,4683.2,483
2026.05.06 16:23,4683.2,4684.8,4681.93,4684.32,479
2026.05.06 16:24,4684.32,4685.72,4682.74,4685.42,556
2026.05.06 16:25,4685.43,4685.95,4683.34,4684.64,478
2026.05.06 16:26,4684.64,4684.83,4682.48,4682.63,524
2026.05.06 16:27,4682.63,4686.12,4682.52,4685.14,518
2026.05.06 16:28,4685.15,4686.4,4684.54,4685.38,486
2026.05.06 16:29,4685.38,4686.54,4683.85,4685.1,504
2026.05.06 16:30,4685.1,4685.73,4680.25,4682.39,755
2026.05.06 16:31,4682.49,4688.16,4682.49,4687.42,730
2026.05.06 16:32,4687.35,4692.76,4687.35,4689.62,707
2026.05.06 16:33,4689.62,4694.65,4688.06,4694.65,673
2026.05.06 16:34,4694.67,4698.62,4692.27,4697.83,703
2026.05.06 16:35,4697.79,4699.14,4695.1,4696.05,714
2026.05.06 16:36,4696.05,4697.53,4693.24,4696.91,683
2026.05.06 16:37,4696.93,4698.48,4694.64,4695.95,716
2026.05.06 16:38,4695.92,4698.46,4694.96,4697.92,717
2026.05.06 16:39,4697.91,4698.25,4694.14,4694.27,710
2026.05.06 16:40,4694.26,4698.5,4694.21,4697.5,677
2026.05.06 16:41,4697.5,4697.67,4694.04,4694.54,675
2026.05.06 16:42,4694.68,4696.23,4693.71,4694.54,700
2026.05.06 16:43,4694.23,4695.75,4693.28,4694.51,670
2026.05.06 16:44,4694.52,4696.74,4694.16,4695.26,630
2026.05.06 16:45,4695.25,4696.92,4692.64,4693.73,649
2026.05.06 16:46,4693.73,4694.28,4692.48,4692.94,654
2026.05.06 16:47,4693.0,4696.83,4692.76,4696.76,645
2026.05.06 16:48,4696.75,4698.93,4696.61,4697.63,611
2026.05.06 16:49,4697.62,4701.35,4697.62,4700.87,617
2026.05.06 16:50,4700.89,4700.92,4694.54,4695.0,662
2026.05.06 16:51,4695.03,4699.76,4693.65,4698.79,672
2026.05.06 16:52,4698.8,4700.14,4696.68,4697.8,576
2026.05.06 16:53,4697.88,4704.09,4697.66,4703.15,607
2026.05.06 16:54,4703.15,4707.73,4702.63,4703.83,628
2026.05.06 16:55,4703.87,4706.06,4702.93,4704.44,651
2026.05.06 16:56,4704.39,4705.64,4703.24,4703.91,636
2026.05.06 16:57,4703.9,4705.82,4703.2,4704.43,624
2026.05.06 16:58,4704.49,4705.54,4702.87,4704.34,591
2026.05.06 16:59,4704.35,4706.15,4701.62,4702.09,617
2026.05.06 17:00,4702.08,4707.42,4700.84,4707.15,690
2026.05.06 17:01,4707.07,4710.01,4704.97,4708.3,662
2026.05.06 17:02,4708.43,4708.91,4705.33,4706.31,677
2026.05.06 17:03,4706.32,4707.43,4704.15,4704.75,634
2026.05.06 17:04,4704.77,4707.16,4704.17,4705.73,641
2026.05.06 17:05,4705.77,4709.12,4705.47,4708.56,672
2026.05.06 17:06,4708.56,4709.0,4700.28,4701.27,740
2026.05.06 17:07,4701.29,4705.79,4697.69,4704.83,733
2026.05.06 17:08,4704.82,4704.85,4702.63,4704.8,669
2026.05.06 17:09,4704.8,4709.19,4703.94,4707.98,641
2026.05.06 17:10,4707.98,4708.8,4706.18,4706.86,646
2026.05.06 17:11,4706.81,4708.43,4706.77,4708.24,555
2026.05.06 17:12,4708.25,4711.22,4708.12,4709.3,634
2026.05.06 17:13,4709.31,4712.34,4709.25,4710.69,650
2026.05.06 17:14,4710.67,4712.33,4710.32,4710.98,611
2026.05.06 17:15,4710.99,4717.41,4710.99,4717.09,645
2026.05.06 17:16,4717.07,4717.07,4714.52,4714.74,627
2026.05.06 17:17,4714.92,4716.32,4712.16,4713.91,652
2026.05.06 17:18,4713.9,4714.68,4711.88,4714.0,660
2026.05.06 17:19,4713.99,4715.18,4712.95,4713.09,618
2026.05.06 17:20,4713.25,4713.46,4712.22,4712.79,579
2026.05.06 17:21,4712.8,4715.32,4712.77,4714.16,592
2026.05.06 17:22,4714.15,4714.44,4710.55,4710.55,536
2026.05.06 17:23,4710.54,4712.0,4709.77,4711.44,556
2026.05.06 17:24,4711.44,4711.81,4708.57,4709.11,579
2026.05.06 17:25,4709.18,4712.3,4708.8,4710.93,621
2026.05.06 17:26,4710.91,4713.06,4709.27,4709.31,615
2026.05.06 17:27,4709.34,4710.12,4707.4,4708.11,583
2026.05.06 17:28,4708.1,4708.62,4707.32,4708.19,483
2026.05.06 17:29,4708.19,4708.79,4704.72,4705.69,621
2026.05.06 17:30,4705.71,4707.31,4704.66,4706.73,658
2026.05.06 17:31,4706.71,4708.21,4705.89,4708.19,617
2026.05.06 17:32,4708.21,4709.81,4706.52,4707.48,557
2026.05.06 17:33,4707.48,4708.24,4705.13,4705.63,589
2026.05.06 17:34,4705.68,4707.37,4705.52,4706.71,534
2026.05.06 17:35,4706.72,4707.18,4705.12,4706.03,532
2026.05.06 17:36,4705.99,4709.08,4705.05,4708.39,574
2026.05.06 17:37,4708.37,4708.39,4706.7,4707.62,569
2026.05.06 17:38,4707.6,4709.8,4707.57,4709.53,566
2026.05.06 17:39,4709.49,4709.49,4707.84,4708.16,617
2026.05.06 17:40,4708.16,4709.89,4708.16,4709.8,574
2026.05.06 17:41,4709.8,4709.92,4707.08,4708.07,572
2026.05.06 17:42,4708.03,4712.35,4706.08,4712.28,637
2026.05.06 17:43,4712.33,4714.57,4710.16,4710.31,727
2026.05.06 17:44,4710.51,4713.32,4709.1,4713.27,663
2026.05.06 17:45,4713.27,4713.91,4708.05,4708.45,633
2026.05.06 17:46,4708.42,4710.8,4707.98,4709.14,645
2026.05.06 17:47,4709.14,4710.05,4708.34,4708.48,566
2026.05.06 17:48,4708.47,4710.08,4707.36,4707.85,614
2026.05.06 17:49,4707.85,4707.89,4704.86,4705.71,574
2026.05.06 17:50,4705.8,4706.85,4703.05,4703.42,578
2026.05.06 17:51,4703.42,4704.28,4702.59,4703.48,557
2026.05.06 17:52,4703.48,4704.58,4701.68,4703.6,638
2026.05.06 17:53,4703.67,4704.95,4703.56,4704.56,584
2026.05.06 17:54,4704.58,4704.79,4700.76,4701.29,600
2026.05.06 17:55,4701.29,4704.5,4701.29,4704.36,539
2026.05.06 17:56,4704.45,4706.87,4703.93,4704.1,591
2026.05.06 17:57,4704.07,4705.31,4703.14,4703.46,578
2026.05.06 17:58,4703.47,4704.22,4702.09,4703.52,520
2026.05.06 17:59,4703.51,4704.03,4702.11,4702.99,521
2026.05.06 18:00,4702.99,4704.04,4702.11,4702.92,549
2026.05.06 18:01,4702.89,4704.79,4702.44,4703.43,582
2026.05.06 18:02,4703.42,4703.45,4700.37,4702.01,564
2026.05.06 18:03,4702.01,4703.82,4701.22,4703.3,581
2026.05.06 18:04,4703.35,4705.71,4702.7,4705.71,499
2026.05.06 18:05,4705.67,4705.74,4701.49,4701.64,512
2026.05.06 18:06,4701.6,4702.76,4700.91,4701.9,537
2026.05.06 18:07,4701.73,4701.94,4699.05,4700.98,495
2026.05.06 18:08,4701.05,4702.57,4698.46,4699.16,542
2026.05.06 18:09,4699.21,4700.76,4697.43,4698.69,590
2026.05.06 18:10,4698.67,4700.53,4698.26,4698.62,513
2026.05.06 18:11,4698.62,4699.85,4698.27,4698.66,533
2026.05.06 18:12,4698.67,4699.14,4696.88,4697.02,523
2026.05.06 18:13,4697.04,4697.65,4693.38,4694.69,581
2026.05.06 18:14,4694.68,4697.28,4693.9,4696.68,540
2026.05.06 18:15,4696.66,4697.03,4694.22,4696.06,533
2026.05.06 18:16,4696.06,4698.65,4695.77,4698.33,500
2026.05.06 18:17,4698.3,4699.74,4698.27,4699.72,496
2026.05.06 18:18,4699.71,4700.09,4697.74,4699.2,499
2026.05.06 18:19,4699.2,4701.41,4698.63,4701.41,458
2026.05.06 18:20,4701.45,4703.17,4701.16,4702.91,514
2026.05.06 18:21,4702.91,4703.2,4701.48,4701.48,481
2026.05.06 18:22,4701.46,4701.57,4698.88,4698.92,491
2026.05.06 18:23,4698.91,4700.2,4698.85,4699.7,465
2026.05.06 18:24,4699.61,4700.0,4698.45,4698.87,401
2026.05.06 18:25,4698.89,4698.94,4696.58,4697.56,427
2026.05.06 18:26,4697.54,4698.5,4696.77,4696.79,459
2026.05.06 18:27,4696.81,4698.6,4696.53,4697.97,494
2026.05.06 18:28,4698.01,4698.05,4696.82,4697.35,503
2026.05.06 18:29,4697.34,4697.34,4695.13,4695.36,472
2026.05.06 18:30,4695.37,4697.84,4695.22,4695.24,574
2026.05.06 18:31,4695.24,4696.01,4694.49,4694.69,477
2026.05.06 18:32,4694.68,4696.19,4694.45,4695.45,419
2026.05.06 18:33,4695.48,4696.02,4694.39,4694.97,430
2026.05.06 18:34,4694.98,4694.98,4693.26,4694.36,502
2026.05.06 18:35,4694.37,4694.78,4692.17,4693.67,559
2026.05.06 18:36,4693.66,4695.61,4693.5,4695.1,489
2026.05.06 18:37,4695.1,4695.15,4692.63,4692.67,457
2026.05.06 18:38,4692.65,4694.61,4692.65,4693.47,502
2026.05.06 18:39,4693.48,4693.61,4691.55,4692.0,479
2026.05.06 18:40,4691.99,4692.51,4690.92,4691.51,468
2026.05.06 18:41,4691.52,4692.39,4691.22,4691.91,479
2026.05.06 18:42,4691.91,4691.96,4690.14,4690.87,532
2026.05.06 18:43,4690.86,4691.25,4689.32,4689.96,529
2026.05.06 18:44,4689.93,4694.25,4689.78,4692.91,514
2026.05.06 18:45,4692.92,4693.68,4690.86,4693.07,555
2026.05.06 18:46,4693.07,4694.39,4692.78,4694.25,486
2026.05.06 18:47,4694.26,4694.85,4692.73,4693.56,505
2026.05.06 18:48,4693.6,4694.38,4692.48,4692.74,550
2026.05.06 18:49,4692.58,4693.53,4692.09,4692.95,487
2026.05.06 18:50,4692.96,4693.32,4690.83,4691.5,547
2026.05.06 18:51,4691.5,4692.19,4690.92,4691.35,546
2026.05.06 18:52,4691.4,4692.18,4690.97,4691.98,530
2026.05.06 18:53,4691.97,4693.91,4691.75,4692.84,461
2026.05.06 18:54,4692.84,4693.66,4692.3,4692.3,472
2026.05.06 18:55,4692.29,4693.34,4691.88,4692.33,547
2026.05.06 18:56,4692.35,4692.92,4691.65,4692.68,493
2026.05.06 18:57,4692.78,4693.64,4690.96,4691.18,455
2026.05.06 18:58,4691.2,4691.37,4690.27,4691.06,432
2026.05.06 18:59,4691.06,4691.06,4687.77,4687.82,420
2026.05.06 19:00,4687.71,4687.86,4684.89,4685.3,578
2026.05.06 19:01,4685.31,4686.17,4684.25,4684.53,565
2026.05.06 19:02,4684.55,4686.51,4683.77,4686.5,488
2026.05.06 19:03,4686.5,4686.91,4685.38,4686.04,543
2026.05.06 19:04,4686.05,4686.36,4685.23,4685.99,505
2026.05.06 19:05,4685.99,4688.47,4685.99,4687.9,470
2026.05.06 19:06,4687.89,4687.93,4682.95,4683.39,516
2026.05.06 19:07,4683.37,4683.45,4681.75,4683.22,573
2026.05.06 19:08,4683.6,4684.11,4681.25,4683.28,498
2026.05.06 19:09,4683.27,4683.69,4683.0,4683.28,482
2026.05.06 19:10,4683.29,4685.15,4682.99,4683.08,481
2026.05.06 19:11,4683.08,4683.84,4682.36,4682.54,444
2026.05.06 19:12,4682.55,4685.18,4682.14,4684.85,416
2026.05.06 19:13,4684.86,4685.44,4684.0,4684.62,492
2026.05.06 19:14,4684.67,4685.35,4683.46,4683.7,441
2026.05.06 19:15,4683.72,4684.28,4682.96,4684.2,437
2026.05.06 19:16,4684.19,4684.87,4682.63,4682.92,483
2026.05.06 19:17,4682.92,4685.29,4682.76,4684.55,496
2026.05.06 19:18,4684.54,4685.02,4684.11,4684.96,482
2026.05.06 19:19,4685.04,4685.79,4684.01,4684.41,452
2026.05.06 19:20,4684.4,4685.16,4682.88,4683.51,457
2026.05.06 19:21,4683.51,4684.34,4683.16,4683.52,378
2026.05.06 19:22,4683.55,4684.23,4682.95,4683.77,343
2026.05.06 19:23,4683.76,4684.17,4683.26,4683.4,398
2026.05.06 19:24,4683.4,4684.42,4682.99,4683.26,367
2026.05.06 19:25,4683.26,4686.18,4683.17,4686.07,466
2026.05.06 19:26,4686.1,4687.56,4686.04,4687.45,381
2026.05.06 19:27,4687.44,4688.11,4687.31,4687.5,412
2026.05.06 19:28,4687.5,4688.51,4687.13,4687.74,473
2026.05.06 19:29,4687.82,4688.11,4686.67,4688.11,400
2026.05.06 19:30,4688.18,4690.19,4688.12,4688.83,498
2026.05.06 19:31,4688.84,4689.78,4688.71,4689.73,374
2026.05.06 19:32,4689.72,4689.77,4688.51,4688.53,402
2026.05.06 19:33,4688.51,4689.21,4686.65,4686.8,482
2026.05.06 19:34,4686.83,4687.81,4685.4,4687.36,439
2026.05.06 19:35,4687.33,4688.09,4686.73,4686.95,433
2026.05.06 19:36,4686.96,4688.34,4686.13,4688.01,426
2026.05.06 19:37,4687.99,4689.41,4687.7,4688.95,401
2026.05.06 19:38,4688.95,4689.43,4688.35,4689.23,416
2026.05.06 19:39,4689.25,4689.93,4688.81,4689.45,439
2026.05.06 19:40,4689.44,4690.68,4689.39,4690.41,415
2026.05.06 19:41,4690.42,4691.84,4689.66,4691.76,454
2026.05.06 19:42,4691.68,4692.0,4691.15,4691.46,474
2026.05.06 19:43,4691.47,4691.47,4690.36,4690.45,399
2026.05.06 19:44,4690.45,4690.57,4688.62,4688.65,462
2026.05.06 19:45,4688.64,4689.88,4688.33,4689.3,480
2026.05.06 19:46,4689.33,4689.33,4687.81,4688.29,486
2026.05.06 19:47,4688.31,4688.45,4686.21,4687.3,531
2026.05.06 19:48,4687.25,4688.16,4687.13,4687.5,433
2026.05.06 19:49,4687.44,4688.38,4686.91,4688.02,464
2026.05.06 19:50,4688.02,4688.25,4686.94,4688.25,387
2026.05.06 19:51,4688.29,4688.75,4685.54,4685.79,427
2026.05.06 19:52,4685.8,4686.18,4683.34,4685.98,513
2026.05.06 19:53,4685.97,4686.69,4685.75,4686.36,471
2026.05.06 19:54,4686.36,4686.96,4684.22,4684.39,402
2026.05.06 19:55,4684.39,4684.72,4683.49,4684.25,431
2026.05.06 19:56,4684.26,4685.69,4684.03,4685.09,410
2026.05.06 19:57,4685.07,4685.75,4681.81,4682.94,489
2026.05.06 19:58,4682.89,4684.32,4679.49,4684.29,716
2026.05.06 19:59,4684.31,4684.31,4682.77,4683.08,538
2026.05.06 20:00,4683.09,4683.13,4679.63,4680.61,600
2026.05.06 20:01,4680.63,4682.59,4680.18,4682.55,600
2026.05.06 20:02,4682.55,4685.99,4682.55,4684.86,542
2026.05.06 20:03,4684.85,4685.57,4684.49,4684.84,489
2026.05.06 20:04,4684.83,4685.91,4683.78,4685.83,487
2026.05.06 20:05,4685.86,4686.51,4684.58,4686.45,478
2026.05.06 20:06,4686.46,4687.16,4686.16,4686.59,403
2026.05.06 20:07,4686.6,4688.0,4686.56,4687.58,419
2026.05.06 20:08,4687.6,4687.62,4686.08,4686.37,403
2026.05.06 20:09,4686.39,4686.8,4685.5,4686.12,390
2026.05.06 20:10,4686.1,4687.02,4686.05,4686.38,395
2026.05.06 20:11,4686.38,4686.67,4685.41,4685.71,387
2026.05.06 20:12,4685.71,4685.87,4685.0,4685.13,386
2026.05.06 20:13,4685.1,4685.73,4684.47,4685.69,413
2026.05.06 20:14,4685.69,4686.43,4685.01,4685.49,414
2026.05.06 20:15,4685.5,4686.11,4684.46,4684.98,380
2026.05.06 20:16,4684.94,4685.37,4684.17,4684.43,352
2026.05.06 20:17,4684.3,4685.06,4683.74,4684.46,413
2026.05.06 20:18,4684.46,4684.46,4682.47,4682.66,360
2026.05.06 20:19,4682.71,4682.97,4681.27,4681.42,398
2026.05.06 20:20,4681.42,4682.25,4680.5,4681.5,495
2026.05.06 20:21,4681.5,4682.14,4680.55,4681.26,517
2026.05.06 20:22,4681.26,4682.05,4680.49,4681.8,432
2026.05.06 20:23,4681.79,4683.36,4681.58,4683.02,408
2026.05.06 20:24,4683.03,4683.13,4680.84,4681.31,505
2026.05.06 20:25,4681.29,4681.59,4680.04,4681.54,455
2026.05.06 20:26,4681.43,4681.98,4680.79,4681.12,403
2026.05.06 20:27,4681.16,4682.59,4681.16,4682.15,389
2026.05.06 20:28,4682.16,4682.59,4681.7,4681.79,411
2026.05.06 20:29,4681.67,4684.53,4681.67,4682.99,601
2026.05.06 20:30,4682.99,4683.15,4681.46,4682.22,423
2026.05.06 20:31,4682.21,4683.42,4681.79,4682.05,350
2026.05.06 20:32,4682.05,4682.5,4681.0,4681.1,355
2026.05.06 20:33,4681.1,4682.6,4680.49,4682.17,434
2026.05.06 20:34,4682.17,4683.24,4682.02,4682.68,375
2026.05.06 20:35,4682.64,4682.64,4679.46,4679.72,429
2026.05.06 20:36,4679.61,4680.59,4679.42,4680.26,472
2026.05.06 20:37,4680.22,4681.18,4679.98,4680.04,363
2026.05.06 20:38,4680.04,4680.67,4679.56,4680.36,359
2026.05.06 20:39,4680.4,4680.6,4679.34,4679.48,397
2026.05.06 20:40,4679.42,4680.08,4678.88,4679.84,383
2026.05.06 20:41,4679.84,4680.93,4679.83,4680.81,315
2026.05.06 20:42,4680.83,4681.02,4679.82,4680.15,360
2026.05.06 20:43,4680.15,4680.89,4680.13,4680.24,378
2026.05.06 20:44,4680.25,4681.07,4680.18,4680.6,386
2026.05.06 20:45,4680.59,4681.72,4680.58,4681.15,376
2026.05.06 20:46,4681.15,4681.29,4680.41,4680.83,354
2026.05.06 20:47,4680.77,4682.19,4680.68,4681.28,372
2026.05.06 20:48,4681.28,4681.68,4680.72,4681.16,364
2026.05.06 20:49,4681.18,4681.84,4680.83,4680.88,334
2026.05.06 20:50,4680.75,4681.87,4680.7,4681.42,367
2026.05.06 20:51,4681.42,4681.59,4680.39,4681.09,327
2026.05.06 20:52,4681.1,4681.17,4680.36,4680.78,253
2026.05.06 20:53,4680.78,4681.46,4680.59,4680.66,373
2026.05.06 20:54,4680.66,4681.98,4680.66,4681.56,310
2026.05.06 20:55,4681.56,4683.09,4681.52,4682.41,361
2026.05.06 20:56,4682.41,4684.26,4682.39,4683.85,285
2026.05.06 20:57,4683.87,4684.5,4683.82,4684.13,342
2026.05.06 20:58,4684.13,4684.19,4683.0,4683.1,297
2026.05.06 20:59,4683.1,4684.14,4682.82,4683.99,276
2026.05.06 21:00,4683.99,4685.46,4683.99,4684.69,345
2026.05.06 21:01,4684.68,4684.68,4683.39,4684.07,347
2026.05.06 21:02,4684.06,4684.46,4682.34,4682.49,278
2026.05.06 21:03,4682.47,4683.05,4681.84,4682.3,310
2026.05.06 21:04,4682.32,4682.96,4682.21,4682.7,283
2026.05.06 21:05,4682.67,4684.79,4682.63,4684.27,315
2026.05.06 21:06,4684.26,4685.12,4683.91,4683.94,316
2026.05.06 21:07,4683.95,4684.28,4682.87,4683.53,343
2026.05.06 21:08,4683.53,4684.46,4683.5,4684.45,255
2026.05.06 21:09,4684.45,4685.5,4684.12,4685.33,281
2026.05.06 21:10,4685.33,4685.87,4684.73,4685.7,303
2026.05.06 21:11,4685.74,4686.85,4685.72,4686.57,358
2026.05.06 21:12,4686.59,4686.86,4685.9,4686.78,314
2026.05.06 21:13,4686.76,4687.49,4686.74,4687.08,288
2026.05.06 21:14,4687.08,4687.1,4686.42,4686.74,215
2026.05.06 21:15,4686.75,4687.62,4686.43,4687.61,279
2026.05.06 21:16,4687.6,4688.43,4687.18,4688.38,264
2026.05.06 21:17,4688.41,4689.2,4688.08,4688.21,301
2026.05.06 21:18,4688.21,4688.21,4687.16,4687.26,233
2026.05.06 21:19,4687.26,4688.54,4687.22,4688.43,258
2026.05.06 21:20,4688.43,4689.74,4688.42,4689.56,314
2026.05.06 21:21,4689.56,4690.42,4689.3,4690.09,313
2026.05.06 21:22,4690.08,4690.08,4688.45,4688.52,246
2026.05.06 21:23,4688.52,4689.73,4688.05,4689.49,332
2026.05.06 21:24,4689.44,4689.47,4687.25,4687.75,306
2026.05.06 21:25,4687.75,4688.49,4687.52,4688.06,328
2026.05.06 21:26,4688.06,4688.42,4687.34,4687.6,282
2026.05.06 21:27,4687.57,4688.68,4687.57,4687.96,297
2026.05.06 21:28,4687.94,4688.5,4687.76,4688.11,317
2026.05.06 21:29,4688.11,4688.86,4687.71,4687.73,284
2026.05.06 21:30,4687.72,4688.5,4686.77,4687.36,348
2026.05.06 21:31,4687.36,4688.45,4686.91,4688.11,353
2026.05.06 21:32,4688.1,4688.46,4687.34,4688.39,316
2026.05.06 21:33,4688.38,4688.54,4688.02,4688.48,333
2026.05.06 21:34,4688.48,4689.5,4688.13,4689.01,364
2026.05.06 21:35,4689.0,4690.13,4688.89,4689.85,350
2026.05.06 21:36,4689.9,4689.93,4688.96,4689.61,315
2026.05.06 21:37,4689.6,4690.23,4689.06,4689.38,325
2026.05.06 21:38,4689.37,4689.42,4688.14,4688.26,297
